,İlan Numarası,İlan Güncelleme Tarihi,Kategorisi,Brüt Metrekare,Binanın Yaşı,Binanın Kat Sayısı,Kullanım Durumu,İlan Oluşturma Tarihi,Türü,Net Metrekare,Oda Sayısı,Bulunduğu Kat,Isıtma Tipi,House Price,House Location,Krediye Uygunluk,Yatırıma Uygunluk
0,13649413,30 Temmuz 2023,Satılık,140 M2,21 Ve Üzeri,6,Mülk Sahibi Oturuyor,30 Temmuz 2023,Konut,110 M2,3+1,Düz Giriş,Merkezi (Pay Ölçer),970.000TL,Kayseri - Kocasinan - Mevlana Mahallesi,,
1,13649409,30 Temmuz 2023,Satılık,280 M2,4,14,Kiracı Oturuyor,30 Temmuz 2023,Konut,210 M2,4+1,13.Kat,Merkezi (Pay Ölçer),7.000.000TL,Kayseri - Kocasinan - Erciyesevler Mahallesi,,
2,13649407,30 Temmuz 2023,Satılık,175 M2,11-15,8,Kiracı Oturuyor,30 Temmuz 2023,Konut,150 M2,3+1,3.Kat,Kombi Doğalgaz,1.588.000TL,Kayseri - Kocasinan - Kocasinan Mahallesi,,
3,13639489,28 Temmuz 2023,Satılık,165 M2,0 (Yeni),10,Boş,28 Temmuz 2023,Konut,135 M2,3+1,1.Kat,Merkezi (Pay Ölçer),1.790.000TL,Kayseri - Kocasinan - Zümrüt Mahallesi,,
4,13639412,29 Temmuz 2023,Satılık,190 M2,3,14,Kiracı Oturuyor,28 Temmuz 2023,Konut,160 M2,3+1,5.Kat,Merkezi (Pay Ölçer),330.000.000TL,Kayseri - Kocasinan - Uğurevler Mahallesi,,
5,13639225,28 Temmuz 2023,Satılık,145 M2,16-20,8,Mülk Sahibi Oturuyor,28 Temmuz 2023,Konut,135 M2,2+1,5.Kat,Kombi Doğalgaz,1.250.000TL,Kayseri - Kocasinan - Mimarsinan Mahallesi,Bilinmiyor,
6,13638032,28 Temmuz 2023,Satılık,165 M2,0 (Yeni),12,Boş,28 Temmuz 2023,Konut,130 M2,3+0,5.Kat,Merkezi (Pay Ölçer),1.550.000TL,Kayseri - Kocasinan - Şeker Mahallesi,,
7,13635906,28 Temmuz 2023,Satılık,130 M2,11-15,9,Kiracı Oturuyor,28 Temmuz 2023,Konut,100 M2,3+1,Yüksek Giriş,Merkezi Doğalgaz,1.050.000TL,Kayseri - Kocasinan - Ahi Evran Mahallesi,,
8,13635905,28 Temmuz 2023,Satılık,135 M2,21 Ve Üzeri,7,Kiracı Oturuyor,28 Temmuz 2023,Konut,110 M2,2+1,Düz Giriş,Merkezi (Pay Ölçer),820.000TL,Kayseri - Kocasinan - Fevzi Çakmak Mahallesi,,
9,13629908,27 Temmuz 2023,Satılık,96 M2,1,13,Kiracı Oturuyor,27 Temmuz 2023,Konut,73 M2,2+1,6.Kat,Merkezi (Pay Ölçer),1.550.000TL,Kayseri - Kocasinan - Şeker Mahallesi,,
10,13627056,26 Temmuz 2023,Satılık,165 M2,0 (Yeni),14,Boş,26 Temmuz 2023,Konut,125 M2,3+1,6.Kat,Merkezi Doğalgaz,403.000TL,Kayseri - Kocasinan - Ahi Evran Mahallesi,Krediye Uygun Değil,
11,13625881,26 Temmuz 2023,Satılık,165 M2,0 (Yeni),7,Boş,26 Temmuz 2023,Konut,125 M2,3+1,3.Kat,Merkezi (Pay Ölçer),1.565.000TL,Kayseri - Kocasinan - Osmangazi Mahallesi,,
12,13624977,29 Temmuz 2023,Satılık,165 M2,16-20,4,Kiracı Oturuyor,26 Temmuz 2023,Konut,130 M2,3+1,Çatı Katı,Kombi Doğalgaz,1.550.000TL,Kayseri - Kocasinan - Zümrüt Mahallesi,,
13,13623628,26 Temmuz 2023,Satılık,210 M2,0 (Yeni),13,Boş,26 Temmuz 2023,Konut,190 M2,4+1,4.Kat,Merkezi (Pay Ölçer),3.940.000TL,Kayseri - Kocasinan - Yakut Mahallesi,,
14,13623115,26 Temmuz 2023,Satılık,170 M2,0 (Yeni),14,Boş,26 Temmuz 2023,Konut,120 M2,3+1,7.Kat,Merkezi (Pay Ölçer),1.750.000TL,Kayseri - Kocasinan - Ziyagökalp Mahallesi,,
15,13623107,28 Temmuz 2023,Satılık,286 M2,21 Ve Üzeri,5,Boş,26 Temmuz 2023,Konut,285 M2,9+ Oda,,Sobalı,14.000.000TL,Kayseri - Kocasinan - Hacı Saki Mahallesi,Krediye Uygun,Bilinmiyor
16,13623104,26 Temmuz 2023,Satılık,265 M2,5-10,12,Boş,26 Temmuz 2023,Konut,240 M2,4+1,6.Kat,Merkezi (Pay Ölçer),4.575.000TL,Kayseri - Kocasinan - Mimarsinan Mahallesi,,
17,13623099,26 Temmuz 2023,Satılık,145 M2,2,4,Boş,26 Temmuz 2023,Konut,125 M2,3+1,Düz Giriş,Merkezi (Pay Ölçer),1.450.000TL,Kayseri - Kocasinan - Oruçreis Mahallesi,,
18,13622746,26 Temmuz 2023,Satılık,175 M2,5-10,12,Kiracı Oturuyor,25 Temmuz 2023,Konut,140 M2,3+1,4.Kat,Merkezi (Pay Ölçer),1.565.000TL,Kayseri - Kocasinan - Mithatpaşa Mahallesi,,
19,13622745,26 Temmuz 2023,Satılık,348 M2,21 Ve Üzeri,2,Boş,25 Temmuz 2023,Konut,165 M2,3+1,Düz Giriş,Kombi Doğalgaz,1.380.000TL,Kayseri - Kocasinan - Yeşil Mahallesi,Bilinmiyor,
20,13622634,25 Temmuz 2023,Satılık,120 M2,21 Ve Üzeri,2,Mülk Sahibi Oturuyor,25 Temmuz 2023,Konut,100 M2,3+1,Bahçe Katı,Kombi Doğalgaz,1.630.000TL,Kayseri - Kocasinan - Yenişehir Mahallesi,,
21,13621242,25 Temmuz 2023,Satılık,117 M2,0 (Yeni),9,Boş,25 Temmuz 2023,Konut,94 M2,2+1,2.Kat,Merkezi Doğalgaz,287.000TL,Kayseri - Kocasinan - Ahi Evran Mahallesi,Krediye Uygun Değil,
22,13620974,25 Temmuz 2023,Satılık,200 M2,3,17,Boş,25 Temmuz 2023,Konut,170 M2,4+1,17.Kat,Merkezi Doğalgaz,2.595.000TL,Kayseri - Kocasinan - Sahabiye Mahallesi,,
23,13617358,30 Temmuz 2023,Satılık,185 M2,1,14,Boş,25 Temmuz 2023,Konut,145 M2,3+1,9.Kat,Merkezi (Pay Ölçer),2.300.000TL,Kayseri - Kocasinan - Beyazşehir Mahallesi,Krediye Uygun Değil,
24,13616067,24 Temmuz 2023,Satılık,90 M2,3,16,Boş,24 Temmuz 2023,Konut,80 M2,2+1,1.Kat,Merkezi (Pay Ölçer),1.680.000TL,Kayseri - Kocasinan - Sahabiye Mahallesi,,
25,13616065,27 Temmuz 2023,Satılık,80 M2,2,3,Kiracı Oturuyor,24 Temmuz 2023,Konut,55 M2,1+1,2.Kat,Kombi Doğalgaz,1.170.000TL,Kayseri - Kocasinan - Şeker Mahallesi,Krediye Uygun Değil,
26,13616062,24 Temmuz 2023,Satılık,160 M2,11-15,5,Mülk Sahibi Oturuyor,24 Temmuz 2023,Konut,120 M2,3+1,5.Kat,Kombi Doğalgaz,1.650.000TL,Kayseri - Kocasinan - General Emir Mahallesi,,
27,13614825,24 Temmuz 2023,Satılık,155 M2,16-20,12,Kiracı Oturuyor,24 Temmuz 2023,Konut,130 M2,3+1,7.Kat,Merkezi Doğalgaz,1.195.000TL,Kayseri - Kocasinan - Beyazşehir Mahallesi,,
28,13614032,30 Temmuz 2023,Satılık,110 M2,0 (Yeni),4,Boş,24 Temmuz 2023,Konut,85 M2,2.5+1,Düz Giriş,Kombi Doğalgaz,1.600.000TL,Kayseri - Kocasinan - Yeni Mahallesi,,
29,13613023,24 Temmuz 2023,Satılık,155 M2,16-20,14,Kiracı Oturuyor,24 Temmuz 2023,Konut,130 M2,3+1,6.Kat,Merkezi (Pay Ölçer),1.265.000TL,Kayseri - Kocasinan - Beyazşehir Mahallesi,,
30,13612668,28 Temmuz 2023,Satılık,175 M2,0 (Yeni),14,Boş,24 Temmuz 2023,Konut,135 M2,3+1,7.Kat,Merkezi (Pay Ölçer),1.900.000TL,Kayseri - Kocasinan - Beyazşehir Mahallesi,,
31,13610591,28 Temmuz 2023,Satılık,132 M2,16-20,2,Boş,24 Temmuz 2023,Konut,100 M2,2.5+1,2.Kat,Sobalı,1.650.000TL,Kayseri - Kocasinan - Argıncık Mahallesi,,
32,13609938,23 Temmuz 2023,Satılık,130 M2,21 Ve Üzeri,3,Boş,23 Temmuz 2023,Konut,110 M2,2+1,Düz Giriş,Sobalı,830.000TL,Kayseri - Kocasinan - Kayabaşı Mahallesi,Bilinmiyor,
33,13609354,23 Temmuz 2023,Satılık,135 M2,11-15,11,Boş,23 Temmuz 2023,Konut,120 M2,3+1,4.Kat,Merkezi Doğalgaz,1.570.000TL,Kayseri - Kocasinan - Turgut Reis Mahallesi,,
34,13609169,23 Temmuz 2023,Satılık,165 M2,11-15,14,Mülk Sahibi Oturuyor,23 Temmuz 2023,Konut,135 M2,3+1,7.Kat,Kombi Doğalgaz,1.550.000TL,Kayseri - Kocasinan - Mithatpaşa Mahallesi,,
35,13606462,22 Temmuz 2023,Satılık,160 M2,21 Ve Üzeri,4,Boş,22 Temmuz 2023,Konut,130 M2,3+1,1.Kat,Kombi Doğalgaz,1.350.000TL,Kayseri - Kocasinan - Mithatpaşa Mahallesi,,
36,13604736,29 Temmuz 2023,Satılık,155 M2,21 Ve Üzeri,8,Boş,22 Temmuz 2023,Konut,140 M2,3+1,2.Kat,Merkezi Doğalgaz,1.590.000TL,Kayseri - Kocasinan - Fevzi Çakmak Mahallesi,Bilinmiyor,
37,13601594,30 Temmuz 2023,Satılık,150 M2,4,8,Mülk Sahibi Oturuyor,21 Temmuz 2023,Konut,130 M2,3+1,2.Kat,Merkezi (Pay Ölçer),1.300.000TLarrow_downward%4,Kayseri - Kocasinan - Barbaros Mahallesi,,
38,13600406,28 Temmuz 2023,Satılık,155 M2,5-10,9,Mülk Sahibi Oturuyor,21 Temmuz 2023,Konut,130 M2,3+1,4.Kat,Kombi Doğalgaz,1.650.000TL,Kayseri - Kocasinan - Ahi Evran Mahallesi,,
39,13599627,21 Temmuz 2023,Satılık,150 M2,11-15,9,Kiracı Oturuyor,21 Temmuz 2023,Konut,135 M2,3+1,7.Kat,Merkezi Doğalgaz,1.350.000TL,Kayseri - Kocasinan - Osmangazi Mahallesi,,
40,13599485,29 Temmuz 2023,Satılık,130 M2,0 (Yeni),10,Boş,21 Temmuz 2023,Konut,100 M2,3+0,4.Kat,Merkezi (Pay Ölçer),1.700.000TL,Kayseri - Kocasinan - Beyazşehir Mahallesi,,
41,13598721,22 Temmuz 2023,Satılık,130 M2,21 Ve Üzeri,5,Mülk Sahibi Oturuyor,21 Temmuz 2023,Konut,120 M2,2+1,2.Kat,Kombi Doğalgaz,1.200.000TLarrow_downward%8,Kayseri - Kocasinan - Sahabiye Mahallesi,,
42,13596756,25 Temmuz 2023,Satılık,185 M2,0 (Yeni),14,Boş,21 Temmuz 2023,Konut,138 M2,3.5+1,3.Kat,Merkezi Doğalgaz,2.349.000TL,Kayseri - Kocasinan - Zümrüt Mahallesi,,
43,13596671,21 Temmuz 2023,Satılık,170 M2,0 (Yeni),11,Boş,20 Temmuz 2023,Konut,130 M2,3+1,4.Kat,Merkezi Doğalgaz,2.249.000TL,Kayseri - Kocasinan - Zümrüt Mahallesi,,
44,13595158,26 Temmuz 2023,Satılık,175 M2,5-10,12,Kiracı Oturuyor,20 Temmuz 2023,Konut,140 M2,3+1,4.Kat,Merkezi (Pay Ölçer),1.650.000TL,Kayseri - Kocasinan - Mithatpaşa Mahallesi,,
45,13592430,27 Temmuz 2023,Satılık,85 M2,0 (Yeni),9,Boş,20 Temmuz 2023,Konut,70 M2,2+1,Yüksek Giriş,Merkezi (Pay Ölçer),1.090.000TL,Kayseri - Kocasinan - Şeker Mahallesi,,
46,13590529,20 Temmuz 2023,Satılık,170 M2,0 (Yeni),11,Boş,20 Temmuz 2023,Konut,130 M2,3+1,2.Kat,Merkezi Doğalgaz,2.250.000TL,Kayseri - Kocasinan - Hoca Ahmet Yesevi Mahallesi,,
47,13588588,29 Temmuz 2023,Satılık,165 M2,0 (Yeni),14,Boş,19 Temmuz 2023,Konut,135 M2,3+1,2.Kat,Merkezi (Pay Ölçer),1.970.000TL,Kayseri - Kocasinan - Zümrüt Mahallesi,,
48,13585413,20 Temmuz 2023,Satılık,175 M2,0 (Yeni),12,Boş,19 Temmuz 2023,Konut,135 M2,3+1,2.Kat,Merkezi Doğalgaz,1.700.000TL,Kayseri - Kocasinan - Ertuğrul Gazi Mahallesi,Bilinmiyor,
49,13585387,19 Temmuz 2023,Satılık,135 M2,0 (Yeni),15,Boş,19 Temmuz 2023,Konut,110 M2,3+1,8.Kat,Merkezi (Pay Ölçer),2.100.000TL,Kayseri - Kocasinan - Sahabiye Mahallesi,Krediye Uygun Değil,
50,13585377,19 Temmuz 2023,Satılık,205 M2,21 Ve Üzeri,15,Mülk Sahibi Oturuyor,19 Temmuz 2023,Konut,170 M2,4+1,6.Kat,Merkezi (Pay Ölçer),2.480.000TL,Kayseri - Kocasinan - Yakut Mahallesi,Krediye Uygun Değil,
51,13583809,18 Temmuz 2023,Satılık,185 M2,5-10,12,Mülk Sahibi Oturuyor,18 Temmuz 2023,Konut,145 M2,3+1,9.Kat,Merkezi (Pay Ölçer),1.325.000TL,Kayseri - Kocasinan - Beyazşehir Mahallesi,Krediye Uygun Değil,
52,13580320,18 Temmuz 2023,Satılık,120 M2,0 (Yeni),12,Boş,18 Temmuz 2023,Konut,110 M2,2+1,5.Kat,Merkezi (Pay Ölçer),300.000TL,Kayseri - Kocasinan - Ahi Evran Mahallesi,Bilinmiyor,
53,13577332,17 Temmuz 2023,Satılık,180 M2,5-10,8,Kiracı Oturuyor,17 Temmuz 2023,Konut,150 M2,3+1,1.Kat,Merkezi Doğalgaz,1.550.000TL,Kayseri - Kocasinan - Sancaktepe Mahallesi,,
54,13571507,16 Temmuz 2023,Satılık,110 M2,0 (Yeni),9,Boş,16 Temmuz 2023,Konut,85 M2,2+1,4.Kat,Merkezi Doğalgaz,295.000TL,Kayseri - Kocasinan - Ahi Evran Mahallesi,,
55,13570748,16 Temmuz 2023,Satılık,100 M2,0 (Yeni),9,Boş,16 Temmuz 2023,Konut,80 M2,2+1,4.Kat,Kombi Doğalgaz,1.345.000TL,Kayseri - Kocasinan - Şeker Mahallesi,,
56,13570531,15 Temmuz 2023,Satılık,105 M2,11-15,5,Boş,15 Temmuz 2023,Konut,90 M2,2+1,3.Kat,Kombi Doğalgaz,1.100.000TL,Kayseri - Kocasinan - Yavuz Selim Mahallesi,,
57,13568576,29 Temmuz 2023,Satılık,200 M2,1,13,Mülk Sahibi Oturuyor,15 Temmuz 2023,Konut,180 M2,3+1,13.Kat,Merkezi Doğalgaz,2.100.000TL,Kayseri - Kocasinan - Hoca Ahmet Yesevi Mahallesi,,
58,13567861,15 Temmuz 2023,Satılık,165 M2,5-10,10,Mülk Sahibi Oturuyor,15 Temmuz 2023,Konut,125 M2,3+1,4.Kat,Merkezi Doğalgaz,1.580.000TL,Kayseri - Kocasinan - Ahi Evran Mahallesi,,
59,13561560,24 Temmuz 2023,Satılık,165 M2,21 Ve Üzeri,2,Mülk Sahibi Oturuyor,14 Temmuz 2023,Konut,150 M2,3+1,Bahçe Katı,Sobalı,1.725.000TL,Kayseri - Kocasinan - Saraycık Mahallesi,Krediye Uygun Değil,
60,13561470,17 Temmuz 2023,Satılık,165 M2,4,12,Mülk Sahibi Oturuyor,14 Temmuz 2023,Konut,135 M2,3+1,5.Kat,Merkezi Doğalgaz,1.650.000TLarrow_downward%90,Kayseri - Kocasinan - Erkilet Mahallesi,,
61,13561352,14 Temmuz 2023,Satılık,645 M2,21 Ve Üzeri,1,Boş,14 Temmuz 2023,Konut,640 M2,1+1,Düz Giriş,Sobalı,945.000TL,Kayseri - Kocasinan - Saraycık Mahallesi,Krediye Uygun Değil,
62,13559948,18 Temmuz 2023,Satılık,150 M2,5-10,9,Kiracı Oturuyor,13 Temmuz 2023,Konut,130 M2,3+1,8.Kat,Merkezi Doğalgaz,1.350.000TL,Kayseri - Kocasinan - Ahi Evran Mahallesi,,
63,13559559,25 Temmuz 2023,Satılık,125 M2,1,14,Boş,13 Temmuz 2023,Konut,100 M2,2.5+1,8.Kat,Merkezi (Pay Ölçer),1.750.000TL,Kayseri - Kocasinan - Ziyagökalp Mahallesi,Bilinmiyor,
64,13559042,24 Temmuz 2023,Satılık,185 M2,2,14,Boş,13 Temmuz 2023,Konut,145 M2,3.5+1,7.Kat,Merkezi (Pay Ölçer),2.295.000TL,Kayseri - Kocasinan - Beyazşehir Mahallesi,,
65,13558068,13 Temmuz 2023,Satılık,150 M2,1,12,Mülk Sahibi Oturuyor,13 Temmuz 2023,Konut,130 M2,3+1,8.Kat,Merkezi (Pay Ölçer),1.440.000TL,Kayseri - Kocasinan - Beyazşehir Mahallesi,,
66,13554926,23 Temmuz 2023,Satılık,300 M2,21 Ve Üzeri,1,Kiracı Oturuyor,13 Temmuz 2023,Konut,165 M2,3.5+1,Müstakil.Kat,Sobalı,1.000.020TL,Kayseri - Kocasinan - Sancaktepe Mahallesi,,
67,13554363,13 Temmuz 2023,Satılık,175 M2,1,10,Boş,13 Temmuz 2023,Konut,138 M2,3+1,2.Kat,Merkezi (Pay Ölçer),1.755.000TL,Kayseri - Kocasinan - Hoca Ahmet Yesevi Mahallesi,,
68,13550322,25 Temmuz 2023,Satılık,190 M2,11-15,7,Boş,12 Temmuz 2023,Konut,160 M2,4+1,5.Kat,Merkezi Doğalgaz,1.350.000TL,Kayseri - Kocasinan - Sahabiye Mahallesi,,
69,13549712,29 Temmuz 2023,Satılık,165 M2,0 (Yeni),10,Boş,12 Temmuz 2023,Konut,125 M2,3+1,8.Kat,Merkezi (Pay Ölçer),2.050.000TL,Kayseri - Kocasinan - Mithatpaşa Mahallesi,Krediye Uygun Değil,
70,13549606,29 Temmuz 2023,Satılık,165 M2,5-10,8,Mülk Sahibi Oturuyor,12 Temmuz 2023,Konut,140 M2,3+1,8.Kat,Merkezi (Pay Ölçer),1.675.000TL,Kayseri - Kocasinan - Argıncık Mahallesi,,
71,13541681,11 Temmuz 2023,Satılık,110 M2,0 (Yeni),10,Boş,10 Temmuz 2023,Konut,75 M2,2+1,1.Kat,Merkezi (Pay Ölçer),1.300.000TL,Kayseri - Kocasinan - Şeker Mahallesi,Krediye Uygun Değil,
72,13541581,11 Temmuz 2023,Satılık,180 M2,5-10,8,Boş,10 Temmuz 2023,Konut,140 M2,3+1,2.Kat,Merkezi (Pay Ölçer),2.625.000TL,Kayseri - Kocasinan - Erciyesevler Mahallesi,,
73,13541580,11 Temmuz 2023,Satılık,175 M2,16-20,4,Mülk Sahibi Oturuyor,10 Temmuz 2023,Konut,150 M2,3+1,3.Kat,Kombi Doğalgaz,1.275.000TL,Kayseri - Kocasinan - Mithatpaşa Mahallesi,,
74,13540964,14 Temmuz 2023,Satılık,115 M2,21 Ve Üzeri,5,Mülk Sahibi Oturuyor,10 Temmuz 2023,Konut,95 M2,2+1,2.Kat,Kombi Doğalgaz,885.000TL,Kayseri - Kocasinan - Yavuz Selim Mahallesi,,
75,13540084,27 Temmuz 2023,Satılık,180 M2,2,13,Kiracı Oturuyor,10 Temmuz 2023,Konut,149 M2,4+1,1.Kat,Merkezi (Pay Ölçer),2.100.000TL,Kayseri - Kocasinan - Ertuğrul Gazi Mahallesi,,
76,13539820,27 Temmuz 2023,Satılık,85 M2,3,9,Kiracı Oturuyor,10 Temmuz 2023,Konut,70 M2,2+1,2.Kat,Merkezi (Pay Ölçer),1.315.000TL,Kayseri - Kocasinan - Şeker Mahallesi,,
77,13571507,16 Temmuz 2023,Satılık,110 M2,0 (Yeni),9,Boş,16 Temmuz 2023,Konut,85 M2,2+1,4.Kat,Merkezi Doğalgaz,295.000TL,Kayseri - Kocasinan - Ahi Evran Mahallesi,,
78,13570748,16 Temmuz 2023,Satılık,100 M2,0 (Yeni),9,Boş,16 Temmuz 2023,Konut,80 M2,2+1,4.Kat,Kombi Doğalgaz,1.345.000TL,Kayseri - Kocasinan - Şeker Mahallesi,,
79,13570531,15 Temmuz 2023,Satılık,105 M2,11-15,5,Boş,15 Temmuz 2023,Konut,90 M2,2+1,3.Kat,Kombi Doğalgaz,1.100.000TL,Kayseri - Kocasinan - Yavuz Selim Mahallesi,,
80,13568576,29 Temmuz 2023,Satılık,200 M2,1,13,Mülk Sahibi Oturuyor,15 Temmuz 2023,Konut,180 M2,3+1,13.Kat,Merkezi Doğalgaz,2.100.000TL,Kayseri - Kocasinan - Hoca Ahmet Yesevi Mahallesi,,
81,13567861,15 Temmuz 2023,Satılık,165 M2,5-10,10,Mülk Sahibi Oturuyor,15 Temmuz 2023,Konut,125 M2,3+1,4.Kat,Merkezi Doğalgaz,1.580.000TL,Kayseri - Kocasinan - Ahi Evran Mahallesi,,
82,13561560,24 Temmuz 2023,Satılık,165 M2,21 Ve Üzeri,2,Mülk Sahibi Oturuyor,14 Temmuz 2023,Konut,150 M2,3+1,Bahçe Katı,Sobalı,1.725.000TL,Kayseri - Kocasinan - Saraycık Mahallesi,Krediye Uygun Değil,
83,13561470,17 Temmuz 2023,Satılık,165 M2,4,12,Mülk Sahibi Oturuyor,14 Temmuz 2023,Konut,135 M2,3+1,5.Kat,Merkezi Doğalgaz,1.650.000TLarrow_downward%90,Kayseri - Kocasinan - Erkilet Mahallesi,,
84,13561352,14 Temmuz 2023,Satılık,645 M2,21 Ve Üzeri,1,Boş,14 Temmuz 2023,Konut,640 M2,1+1,Düz Giriş,Sobalı,945.000TL,Kayseri - Kocasinan - Saraycık Mahallesi,Krediye Uygun Değil,
85,13559948,18 Temmuz 2023,Satılık,150 M2,5-10,9,Kiracı Oturuyor,13 Temmuz 2023,Konut,130 M2,3+1,8.Kat,Merkezi Doğalgaz,1.350.000TL,Kayseri - Kocasinan - Ahi Evran Mahallesi,,
86,13559559,25 Temmuz 2023,Satılık,125 M2,1,14,Boş,13 Temmuz 2023,Konut,100 M2,2.5+1,8.Kat,Merkezi (Pay Ölçer),1.750.000TL,Kayseri - Kocasinan - Ziyagökalp Mahallesi,Bilinmiyor,
87,13559042,24 Temmuz 2023,Satılık,185 M2,2,14,Boş,13 Temmuz 2023,Konut,145 M2,3.5+1,7.Kat,Merkezi (Pay Ölçer),2.295.000TL,Kayseri - Kocasinan - Beyazşehir Mahallesi,,
88,13558068,13 Temmuz 2023,Satılık,150 M2,1,12,Mülk Sahibi Oturuyor,13 Temmuz 2023,Konut,130 M2,3+1,8.Kat,Merkezi (Pay Ölçer),1.440.000TL,Kayseri - Kocasinan - Beyazşehir Mahallesi,,
89,13554926,23 Temmuz 2023,Satılık,300 M2,21 Ve Üzeri,1,Kiracı Oturuyor,13 Temmuz 2023,Konut,165 M2,3.5+1,Müstakil.Kat,Sobalı,1.000.020TL,Kayseri - Kocasinan - Sancaktepe Mahallesi,,
90,13554363,13 Temmuz 2023,Satılık,175 M2,1,10,Boş,13 Temmuz 2023,Konut,138 M2,3+1,2.Kat,Merkezi (Pay Ölçer),1.755.000TL,Kayseri - Kocasinan - Hoca Ahmet Yesevi Mahallesi,,
91,13550322,25 Temmuz 2023,Satılık,190 M2,11-15,7,Boş,12 Temmuz 2023,Konut,160 M2,4+1,5.Kat,Merkezi Doğalgaz,1.350.000TL,Kayseri - Kocasinan - Sahabiye Mahallesi,,
92,13549712,29 Temmuz 2023,Satılık,165 M2,0 (Yeni),10,Boş,12 Temmuz 2023,Konut,125 M2,3+1,8.Kat,Merkezi (Pay Ölçer),2.050.000TL,Kayseri - Kocasinan - Mithatpaşa Mahallesi,Krediye Uygun Değil,
93,13549606,29 Temmuz 2023,Satılık,165 M2,5-10,8,Mülk Sahibi Oturuyor,12 Temmuz 2023,Konut,140 M2,3+1,8.Kat,Merkezi (Pay Ölçer),1.675.000TL,Kayseri - Kocasinan - Argıncık Mahallesi,,
94,13519438,26 Temmuz 2023,Satılık,175 M2,4,8,Boş,07 Temmuz 2023,Konut,150 M2,3+1,8.Kat,Merkezi (Pay Ölçer),1.750.000TL,Kayseri - Kocasinan - Yeşil Mahallesi,,
95,13517164,08 Temmuz 2023,Satılık,165 M2,21 Ve Üzeri,8,Kiracı Oturuyor,06 Temmuz 2023,Konut,135 M2,3+1,4.Kat,Kombi Doğalgaz,1.600.000TL,Kayseri - Kocasinan - Gevhernesibe Mahallesi,,
96,13514726,29 Temmuz 2023,Satılık,175 M2,0 (Yeni),10,Boş,06 Temmuz 2023,Konut,135 M2,3+1,9.Kat,Merkezi Doğalgaz,2.300.000TL,Kayseri - Kocasinan - Sancaktepe Mahallesi,,
97,13514582,19 Temmuz 2023,Satılık,230 M2,21 Ve Üzeri,11,Mülk Sahibi Oturuyor,06 Temmuz 2023,Konut,180 M2,4+1,6.Kat,Merkezi Doğalgaz,2.350.000TLarrow_downward%3,Kayseri - Kocasinan - Sümer Mahallesi,,
98,13514533,06 Temmuz 2023,Satılık,160 M2,0 (Yeni),12,Boş,06 Temmuz 2023,Konut,105 M2,3+1,8.Kat,Merkezi Doğalgaz,2.100.000TL,Kayseri - Kocasinan - Sahabiye Mahallesi,,
99,13514270,06 Temmuz 2023,Satılık,180 M2,0 (Yeni),14,Boş,06 Temmuz 2023,Konut,140 M2,4+1,6.Kat,Merkezi (Pay Ölçer),1.875.000TLarrow_downward%6,Kayseri - Kocasinan - Yunusemre Mahallesi,,
100,13571507,16 Temmuz 2023,Satılık,110 M2,0 (Yeni),9,Boş,16 Temmuz 2023,Konut,85 M2,2+1,4.Kat,Merkezi Doğalgaz,295.000TL,Kayseri - Kocasinan - Ahi Evran Mahallesi,,
101,13570748,16 Temmuz 2023,Satılık,100 M2,0 (Yeni),9,Boş,16 Temmuz 2023,Konut,80 M2,2+1,4.Kat,Kombi Doğalgaz,1.345.000TL,Kayseri - Kocasinan - Şeker Mahallesi,,
102,13570531,15 Temmuz 2023,Satılık,105 M2,11-15,5,Boş,15 Temmuz 2023,Konut,90 M2,2+1,3.Kat,Kombi Doğalgaz,1.100.000TL,Kayseri - Kocasinan - Yavuz Selim Mahallesi,,
103,13568576,29 Temmuz 2023,Satılık,200 M2,1,13,Mülk Sahibi Oturuyor,15 Temmuz 2023,Konut,180 M2,3+1,13.Kat,Merkezi Doğalgaz,2.100.000TL,Kayseri - Kocasinan - Hoca Ahmet Yesevi Mahallesi,,
104,13567861,15 Temmuz 2023,Satılık,165 M2,5-10,10,Mülk Sahibi Oturuyor,15 Temmuz 2023,Konut,125 M2,3+1,4.Kat,Merkezi Doğalgaz,1.580.000TL,Kayseri - Kocasinan - Ahi Evran Mahallesi,,
105,13561560,24 Temmuz 2023,Satılık,165 M2,21 Ve Üzeri,2,Mülk Sahibi Oturuyor,14 Temmuz 2023,Konut,150 M2,3+1,Bahçe Katı,Sobalı,1.725.000TL,Kayseri - Kocasinan - Saraycık Mahallesi,Krediye Uygun Değil,
106,13561470,17 Temmuz 2023,Satılık,165 M2,4,12,Mülk Sahibi Oturuyor,14 Temmuz 2023,Konut,135 M2,3+1,5.Kat,Merkezi Doğalgaz,1.650.000TLarrow_downward%90,Kayseri - Kocasinan - Erkilet Mahallesi,,
107,13561352,14 Temmuz 2023,Satılık,645 M2,21 Ve Üzeri,1,Boş,14 Temmuz 2023,Konut,640 M2,1+1,Düz Giriş,Sobalı,945.000TL,Kayseri - Kocasinan - Saraycık Mahallesi,Krediye Uygun Değil,
108,13559948,18 Temmuz 2023,Satılık,150 M2,5-10,9,Kiracı Oturuyor,13 Temmuz 2023,Konut,130 M2,3+1,8.Kat,Merkezi Doğalgaz,1.350.000TL,Kayseri - Kocasinan - Ahi Evran Mahallesi,,
109,13559559,25 Temmuz 2023,Satılık,125 M2,1,14,Boş,13 Temmuz 2023,Konut,100 M2,2.5+1,8.Kat,Merkezi (Pay Ölçer),1.750.000TL,Kayseri - Kocasinan - Ziyagökalp Mahallesi,Bilinmiyor,
110,13559042,24 Temmuz 2023,Satılık,185 M2,2,14,Boş,13 Temmuz 2023,Konut,145 M2,3.5+1,7.Kat,Merkezi (Pay Ölçer),2.295.000TL,Kayseri - Kocasinan - Beyazşehir Mahallesi,,
111,13558068,13 Temmuz 2023,Satılık,150 M2,1,12,Mülk Sahibi Oturuyor,13 Temmuz 2023,Konut,130 M2,3+1,8.Kat,Merkezi (Pay Ölçer),1.440.000TL,Kayseri - Kocasinan - Beyazşehir Mahallesi,,
112,13554926,23 Temmuz 2023,Satılık,300 M2,21 Ve Üzeri,1,Kiracı Oturuyor,13 Temmuz 2023,Konut,165 M2,3.5+1,Müstakil.Kat,Sobalı,1.000.020TL,Kayseri - Kocasinan - Sancaktepe Mahallesi,,
113,13554363,13 Temmuz 2023,Satılık,175 M2,1,10,Boş,13 Temmuz 2023,Konut,138 M2,3+1,2.Kat,Merkezi (Pay Ölçer),1.755.000TL,Kayseri - Kocasinan - Hoca Ahmet Yesevi Mahallesi,,
114,13550322,25 Temmuz 2023,Satılık,190 M2,11-15,7,Boş,12 Temmuz 2023,Konut,160 M2,4+1,5.Kat,Merkezi Doğalgaz,1.350.000TL,Kayseri - Kocasinan - Sahabiye Mahallesi,,
115,13549712,29 Temmuz 2023,Satılık,165 M2,0 (Yeni),10,Boş,12 Temmuz 2023,Konut,125 M2,3+1,8.Kat,Merkezi (Pay Ölçer),2.050.000TL,Kayseri - Kocasinan - Mithatpaşa Mahallesi,Krediye Uygun Değil,
116,13549606,29 Temmuz 2023,Satılık,165 M2,5-10,8,Mülk Sahibi Oturuyor,12 Temmuz 2023,Konut,140 M2,3+1,8.Kat,Merkezi (Pay Ölçer),1.675.000TL,Kayseri - Kocasinan - Argıncık Mahallesi,,
117,13483486,08 Temmuz 2023,Satılık,210 M2,21 Ve Üzeri,8,Kiracı Oturuyor,26 Haziran 2023,Konut,190 M2,3+1,1.Kat,Merkezi Doğalgaz,1.749.000TLarrow_downward%2,Kayseri - Kocasinan - Sahabiye Mahallesi,,
118,13483289,30 Temmuz 2023,Satılık,130 M2,16-20,7,Kiracı Oturuyor,26 Haziran 2023,Konut,110 M2,3+1,5.Kat,Kombi Doğalgaz,1.365.000TLarrow_downward%1,Kayseri - Kocasinan - Beyazşehir Mahallesi,Krediye Uygun Değil,
119,13483103,26 Haziran 2023,Satılık,200 M2,0 (Yeni),8,Boş,26 Haziran 2023,Konut,140 M2,4+1,4.Kat,Merkezi Doğalgaz,3.300.000TLarrow_downward%3,Kayseri - Kocasinan - Sancaktepe Mahallesi,,
120,13482593,06 Temmuz 2023,Satılık,225 M2,16-20,1,Kiracı Oturuyor,26 Haziran 2023,Konut,200 M2,5+0,Düz Giriş,Sobalı,3.400.000TLarrow_downward%15,Kayseri - Kocasinan - Kızık Mahallesi,,
121,13480748,25 Haziran 2023,Satılık,150 M2,21 Ve Üzeri,3,Kiracı Oturuyor,25 Haziran 2023,Konut,125 M2,3+1,3.Kat,Sobalı,1.315.000TL,Kayseri - Kocasinan - Sahabiye Mahallesi,Krediye Uygun Değil,
122,13478349,25 Haziran 2023,Satılık,184 M2,0 (Yeni),14,Boş,25 Haziran 2023,Konut,135 M2,3.5+1,2.Kat,Merkezi (Pay Ölçer),2.050.000TL,Kayseri - Kocasinan - Zümrüt Mahallesi,,
123,13477905,25 Haziran 2023,Satılık,165 M2,0 (Yeni),4,Boş,25 Haziran 2023,Konut,120 M2,3+1,3.Kat,Merkezi (Pay Ölçer),1.575.000TL,Kayseri - Kocasinan - Şeker Mahallesi,,
124,13476149,27 Temmuz 2023,Satılık,175 M2,0 (Yeni),7,Boş,24 Haziran 2023,Konut,135 M2,3+1,3.Kat,Kombi Doğalgaz,2.450.000TL,Kayseri - Kocasinan - Zümrüt Mahallesi,,
125,13473010,08 Temmuz 2023,Satılık,160 M2,0 (Yeni),10,Boş,24 Haziran 2023,Konut,115 M2,2+1,5.Kat,Kombi Doğalgaz,300.000TL,Kayseri - Kocasinan - Ahi Evran Mahallesi,,
126,13568576,29 Temmuz 2023,Satılık,200 M2,1,13,Mülk Sahibi Oturuyor,15 Temmuz 2023,Konut,180 M2,3+1,13.Kat,Merkezi Doğalgaz,2.100.000TL,Kayseri - Kocasinan - Hoca Ahmet Yesevi Mahallesi,,
127,13567861,15 Temmuz 2023,Satılık,165 M2,5-10,10,Mülk Sahibi Oturuyor,15 Temmuz 2023,Konut,125 M2,3+1,4.Kat,Merkezi Doğalgaz,1.580.000TL,Kayseri - Kocasinan - Ahi Evran Mahallesi,,
128,13561560,24 Temmuz 2023,Satılık,165 M2,21 Ve Üzeri,2,Mülk Sahibi Oturuyor,14 Temmuz 2023,Konut,150 M2,3+1,Bahçe Katı,Sobalı,1.725.000TL,Kayseri - Kocasinan - Saraycık Mahallesi,Krediye Uygun Değil,
129,13561470,17 Temmuz 2023,Satılık,165 M2,4,12,Mülk Sahibi Oturuyor,14 Temmuz 2023,Konut,135 M2,3+1,5.Kat,Merkezi Doğalgaz,1.650.000TLarrow_downward%90,Kayseri - Kocasinan - Erkilet Mahallesi,,
130,13561352,14 Temmuz 2023,Satılık,645 M2,21 Ve Üzeri,1,Boş,14 Temmuz 2023,Konut,640 M2,1+1,Düz Giriş,Sobalı,945.000TL,Kayseri - Kocasinan - Saraycık Mahallesi,Krediye Uygun Değil,
131,13559948,18 Temmuz 2023,Satılık,150 M2,5-10,9,Kiracı Oturuyor,13 Temmuz 2023,Konut,130 M2,3+1,8.Kat,Merkezi Doğalgaz,1.350.000TL,Kayseri - Kocasinan - Ahi Evran Mahallesi,,
132,13559559,25 Temmuz 2023,Satılık,125 M2,1,14,Boş,13 Temmuz 2023,Konut,100 M2,2.5+1,8.Kat,Merkezi (Pay Ölçer),1.750.000TL,Kayseri - Kocasinan - Ziyagökalp Mahallesi,Bilinmiyor,
133,13559042,24 Temmuz 2023,Satılık,185 M2,2,14,Boş,13 Temmuz 2023,Konut,145 M2,3.5+1,7.Kat,Merkezi (Pay Ölçer),2.295.000TL,Kayseri - Kocasinan - Beyazşehir Mahallesi,,
134,13558068,13 Temmuz 2023,Satılık,150 M2,1,12,Mülk Sahibi Oturuyor,13 Temmuz 2023,Konut,130 M2,3+1,8.Kat,Merkezi (Pay Ölçer),1.440.000TL,Kayseri - Kocasinan - Beyazşehir Mahallesi,,
135,13554926,23 Temmuz 2023,Satılık,300 M2,21 Ve Üzeri,1,Kiracı Oturuyor,13 Temmuz 2023,Konut,165 M2,3.5+1,Müstakil.Kat,Sobalı,1.000.020TL,Kayseri - Kocasinan - Sancaktepe Mahallesi,,
136,13554363,13 Temmuz 2023,Satılık,175 M2,1,10,Boş,13 Temmuz 2023,Konut,138 M2,3+1,2.Kat,Merkezi (Pay Ölçer),1.755.000TL,Kayseri - Kocasinan - Hoca Ahmet Yesevi Mahallesi,,
137,13550322,25 Temmuz 2023,Satılık,190 M2,11-15,7,Boş,12 Temmuz 2023,Konut,160 M2,4+1,5.Kat,Merkezi Doğalgaz,1.350.000TL,Kayseri - Kocasinan - Sahabiye Mahallesi,,
138,13549712,29 Temmuz 2023,Satılık,165 M2,0 (Yeni),10,Boş,12 Temmuz 2023,Konut,125 M2,3+1,8.Kat,Merkezi (Pay Ölçer),2.050.000TL,Kayseri - Kocasinan - Mithatpaşa Mahallesi,Krediye Uygun Değil,
139,13549606,29 Temmuz 2023,Satılık,165 M2,5-10,8,Mülk Sahibi Oturuyor,12 Temmuz 2023,Konut,140 M2,3+1,8.Kat,Merkezi (Pay Ölçer),1.675.000TL,Kayseri - Kocasinan - Argıncık Mahallesi,,
140,13447830,19 Haziran 2023,Satılık,100 M2,0 (Yeni),10,Boş,19 Haziran 2023,Konut,85 M2,2+1,9.Kat,Merkezi Doğalgaz,300.000TL,Kayseri - Kocasinan - Ahi Evran Mahallesi,Krediye Uygun Değil,
141,13446170,19 Haziran 2023,Satılık,170 M2,0 (Yeni),10,Boş,19 Haziran 2023,Konut,135 M2,3+1,1.Kat,Merkezi Doğalgaz,1.800.000TL,Kayseri - Kocasinan - Zümrüt Mahallesi,,
142,13446023,19 Haziran 2023,Satılık,210 M2,0 (Yeni),12,Boş,19 Haziran 2023,Konut,190 M2,4+1,4.Kat,Merkezi (Pay Ölçer),2.500.000TL,Kayseri - Kocasinan - Yakut Mahallesi,,
143,13445766,04 Temmuz 2023,Satılık,135 M2,0 (Yeni),8,Boş,19 Haziran 2023,Konut,110 M2,3+1,1.Kat,Kombi Doğalgaz,1.850.000TL,Kayseri - Kocasinan - Yavuzlar Mahallesi,,
144,13444508,26 Temmuz 2023,Satılık,150 M2,11-15,12,Boş,19 Haziran 2023,Konut,120 M2,3+1,9.Kat,Merkezi Doğalgaz,1.450.000TL,Kayseri - Kocasinan - Barbaros Mahallesi,,
145,13441294,18 Haziran 2023,Satılık,210 M2,0 (Yeni),14,Boş,18 Haziran 2023,Konut,153 M2,4+1,2.Kat,Merkezi (Pay Ölçer),3.699.000TL,Kayseri - Kocasinan - Yakut Mahallesi,,
146,13438726,27 Temmuz 2023,Satılık,185 M2,0 (Yeni),10,Boş,18 Haziran 2023,Konut,140 M2,3+2,2.Kat,Merkezi (Pay Ölçer),2.090.000TL,Kayseri - Kocasinan - Beyazşehir Mahallesi,,
147,13434359,08 Temmuz 2023,Satılık,175 M2,0 (Yeni),7,Boş,17 Haziran 2023,Konut,145 M2,3+1,6.Kat,Merkezi Doğalgaz,1.850.000TL,Kayseri - Kocasinan - Uğurevler Mahallesi,,
148,13433303,27 Temmuz 2023,Satılık,145 M2,0 (Yeni),12,Boş,17 Haziran 2023,Konut,125 M2,3+1,6.Kat,Merkezi (Pay Ölçer),415.000TL,Kayseri - Kocasinan - Ahi Evran Mahallesi,Krediye Uygun Değil,
149,13568576,29 Temmuz 2023,Satılık,200 M2,1,13,Mülk Sahibi Oturuyor,15 Temmuz 2023,Konut,180 M2,3+1,13.Kat,Merkezi Doğalgaz,2.100.000TL,Kayseri - Kocasinan - Hoca Ahmet Yesevi Mahallesi,,
150,13567861,15 Temmuz 2023,Satılık,165 M2,5-10,10,Mülk Sahibi Oturuyor,15 Temmuz 2023,Konut,125 M2,3+1,4.Kat,Merkezi Doğalgaz,1.580.000TL,Kayseri - Kocasinan - Ahi Evran Mahallesi,,
151,13561560,24 Temmuz 2023,Satılık,165 M2,21 Ve Üzeri,2,Mülk Sahibi Oturuyor,14 Temmuz 2023,Konut,150 M2,3+1,Bahçe Katı,Sobalı,1.725.000TL,Kayseri - Kocasinan - Saraycık Mahallesi,Krediye Uygun Değil,
152,13561470,17 Temmuz 2023,Satılık,165 M2,4,12,Mülk Sahibi Oturuyor,14 Temmuz 2023,Konut,135 M2,3+1,5.Kat,Merkezi Doğalgaz,1.650.000TLarrow_downward%90,Kayseri - Kocasinan - Erkilet Mahallesi,,
153,13561352,14 Temmuz 2023,Satılık,645 M2,21 Ve Üzeri,1,Boş,14 Temmuz 2023,Konut,640 M2,1+1,Düz Giriş,Sobalı,945.000TL,Kayseri - Kocasinan - Saraycık Mahallesi,Krediye Uygun Değil,
154,13559948,18 Temmuz 2023,Satılık,150 M2,5-10,9,Kiracı Oturuyor,13 Temmuz 2023,Konut,130 M2,3+1,8.Kat,Merkezi Doğalgaz,1.350.000TL,Kayseri - Kocasinan - Ahi Evran Mahallesi,,
155,13559559,25 Temmuz 2023,Satılık,125 M2,1,14,Boş,13 Temmuz 2023,Konut,100 M2,2.5+1,8.Kat,Merkezi (Pay Ölçer),1.750.000TL,Kayseri - Kocasinan - Ziyagökalp Mahallesi,Bilinmiyor,
156,13559042,24 Temmuz 2023,Satılık,185 M2,2,14,Boş,13 Temmuz 2023,Konut,145 M2,3.5+1,7.Kat,Merkezi (Pay Ölçer),2.295.000TL,Kayseri - Kocasinan - Beyazşehir Mahallesi,,
157,13558068,13 Temmuz 2023,Satılık,150 M2,1,12,Mülk Sahibi Oturuyor,13 Temmuz 2023,Konut,130 M2,3+1,8.Kat,Merkezi (Pay Ölçer),1.440.000TL,Kayseri - Kocasinan - Beyazşehir Mahallesi,,
158,13554926,23 Temmuz 2023,Satılık,300 M2,21 Ve Üzeri,1,Kiracı Oturuyor,13 Temmuz 2023,Konut,165 M2,3.5+1,Müstakil.Kat,Sobalı,1.000.020TL,Kayseri - Kocasinan - Sancaktepe Mahallesi,,
159,13554363,13 Temmuz 2023,Satılık,175 M2,1,10,Boş,13 Temmuz 2023,Konut,138 M2,3+1,2.Kat,Merkezi (Pay Ölçer),1.755.000TL,Kayseri - Kocasinan - Hoca Ahmet Yesevi Mahallesi,,
160,13550322,25 Temmuz 2023,Satılık,190 M2,11-15,7,Boş,12 Temmuz 2023,Konut,160 M2,4+1,5.Kat,Merkezi Doğalgaz,1.350.000TL,Kayseri - Kocasinan - Sahabiye Mahallesi,,
161,13549712,29 Temmuz 2023,Satılık,165 M2,0 (Yeni),10,Boş,12 Temmuz 2023,Konut,125 M2,3+1,8.Kat,Merkezi (Pay Ölçer),2.050.000TL,Kayseri - Kocasinan - Mithatpaşa Mahallesi,Krediye Uygun Değil,
162,13549606,29 Temmuz 2023,Satılık,165 M2,5-10,8,Mülk Sahibi Oturuyor,12 Temmuz 2023,Konut,140 M2,3+1,8.Kat,Merkezi (Pay Ölçer),1.675.000TL,Kayseri - Kocasinan - Argıncık Mahallesi,,
163,13413996,08 Temmuz 2023,Satılık,106 M2,0 (Yeni),10,Boş,14 Haziran 2023,Konut,75 M2,2+1,2.Kat,Kat Kaloriferi,1.525.000TL,Kayseri - Kocasinan - Sancaktepe Mahallesi,Krediye Uygun Değil,
164,13413631,17 Temmuz 2023,Satılık,126 M2,2,17,Boş,14 Haziran 2023,Konut,106 M2,2+1,9.Kat,Merkezi (Pay Ölçer),2.100.000TL,Kayseri - Kocasinan - Sahabiye Mahallesi,,
165,13413549,04 Temmuz 2023,Satılık,90 M2,0 (Yeni),15,Boş,14 Haziran 2023,Konut,70 M2,2+1,7.Kat,Merkezi (Pay Ölçer),1.795.000TL,Kayseri - Kocasinan - Şeker Mahallesi,Krediye Uygun Değil,
166,13413528,11 Temmuz 2023,Satılık,175 M2,5-10,14,Mülk Sahibi Oturuyor,14 Haziran 2023,Konut,148 M2,3+1,13.Kat,Merkezi (Pay Ölçer),2.200.000TL,Kayseri - Kocasinan - Seyrani Mahallesi,,
167,13413186,29 Temmuz 2023,Satılık,130 M2,21 Ve Üzeri,3,Kiracı Oturuyor,14 Haziran 2023,Konut,100 M2,2+1,3.Kat,Kombi Doğalgaz,850.000TL,Kayseri - Kocasinan - General Emir Mahallesi,Krediye Uygun Değil,
168,13413179,20 Temmuz 2023,Satılık,175 M2,0 (Yeni),15,Boş,14 Haziran 2023,Konut,140 M2,3+1,10.Kat,Merkezi Doğalgaz,1.890.000TL,Kayseri - Kocasinan - Sancaktepe Mahallesi,Krediye Uygun Değil,
169,13413106,29 Temmuz 2023,Satılık,230 M2,0 (Yeni),12,Boş,14 Haziran 2023,Konut,120 M2,3+1,4.Kat,Merkezi Doğalgaz,375.000TLarrow_downward%3,Kayseri - Kocasinan - Yavuz Selim Mahallesi,Krediye Uygun Değil,
170,13413051,07 Temmuz 2023,Satılık,175 M2,0 (Yeni),13,Boş,14 Haziran 2023,Konut,128 M2,3+1,3.Kat,Merkezi (Pay Ölçer),2.200.000TL,Kayseri - Kocasinan - Osmangazi Mahallesi,,
171,13412989,29 Temmuz 2023,Satılık,120 M2,0 (Yeni),12,Boş,14 Haziran 2023,Konut,110 M2,2+1,4.Kat,Merkezi Doğalgaz,276.000TLarrow_downward%5,Kayseri - Kocasinan - Yavuz Selim Mahallesi,Krediye Uygun Değil,
172,13568576,29 Temmuz 2023,Satılık,200 M2,1,13,Mülk Sahibi Oturuyor,15 Temmuz 2023,Konut,180 M2,3+1,13.Kat,Merkezi Doğalgaz,2.100.000TL,Kayseri - Kocasinan - Hoca Ahmet Yesevi Mahallesi,,
173,13567861,15 Temmuz 2023,Satılık,165 M2,5-10,10,Mülk Sahibi Oturuyor,15 Temmuz 2023,Konut,125 M2,3+1,4.Kat,Merkezi Doğalgaz,1.580.000TL,Kayseri - Kocasinan - Ahi Evran Mahallesi,,
174,13561560,24 Temmuz 2023,Satılık,165 M2,21 Ve Üzeri,2,Mülk Sahibi Oturuyor,14 Temmuz 2023,Konut,150 M2,3+1,Bahçe Katı,Sobalı,1.725.000TL,Kayseri - Kocasinan - Saraycık Mahallesi,Krediye Uygun Değil,
175,13561470,17 Temmuz 2023,Satılık,165 M2,4,12,Mülk Sahibi Oturuyor,14 Temmuz 2023,Konut,135 M2,3+1,5.Kat,Merkezi Doğalgaz,1.650.000TLarrow_downward%90,Kayseri - Kocasinan - Erkilet Mahallesi,,
176,13561352,14 Temmuz 2023,Satılık,645 M2,21 Ve Üzeri,1,Boş,14 Temmuz 2023,Konut,640 M2,1+1,Düz Giriş,Sobalı,945.000TL,Kayseri - Kocasinan - Saraycık Mahallesi,Krediye Uygun Değil,
177,13559948,18 Temmuz 2023,Satılık,150 M2,5-10,9,Kiracı Oturuyor,13 Temmuz 2023,Konut,130 M2,3+1,8.Kat,Merkezi Doğalgaz,1.350.000TL,Kayseri - Kocasinan - Ahi Evran Mahallesi,,
178,13559559,25 Temmuz 2023,Satılık,125 M2,1,14,Boş,13 Temmuz 2023,Konut,100 M2,2.5+1,8.Kat,Merkezi (Pay Ölçer),1.750.000TL,Kayseri - Kocasinan - Ziyagökalp Mahallesi,Bilinmiyor,
179,13559042,24 Temmuz 2023,Satılık,185 M2,2,14,Boş,13 Temmuz 2023,Konut,145 M2,3.5+1,7.Kat,Merkezi (Pay Ölçer),2.295.000TL,Kayseri - Kocasinan - Beyazşehir Mahallesi,,
180,13558068,13 Temmuz 2023,Satılık,150 M2,1,12,Mülk Sahibi Oturuyor,13 Temmuz 2023,Konut,130 M2,3+1,8.Kat,Merkezi (Pay Ölçer),1.440.000TL,Kayseri - Kocasinan - Beyazşehir Mahallesi,,
181,13554926,23 Temmuz 2023,Satılık,300 M2,21 Ve Üzeri,1,Kiracı Oturuyor,13 Temmuz 2023,Konut,165 M2,3.5+1,Müstakil.Kat,Sobalı,1.000.020TL,Kayseri - Kocasinan - Sancaktepe Mahallesi,,
182,13554363,13 Temmuz 2023,Satılık,175 M2,1,10,Boş,13 Temmuz 2023,Konut,138 M2,3+1,2.Kat,Merkezi (Pay Ölçer),1.755.000TL,Kayseri - Kocasinan - Hoca Ahmet Yesevi Mahallesi,,
183,13550322,25 Temmuz 2023,Satılık,190 M2,11-15,7,Boş,12 Temmuz 2023,Konut,160 M2,4+1,5.Kat,Merkezi Doğalgaz,1.350.000TL,Kayseri - Kocasinan - Sahabiye Mahallesi,,
184,13549712,29 Temmuz 2023,Satılık,165 M2,0 (Yeni),10,Boş,12 Temmuz 2023,Konut,125 M2,3+1,8.Kat,Merkezi (Pay Ölçer),2.050.000TL,Kayseri - Kocasinan - Mithatpaşa Mahallesi,Krediye Uygun Değil,
185,13549606,29 Temmuz 2023,Satılık,165 M2,5-10,8,Mülk Sahibi Oturuyor,12 Temmuz 2023,Konut,140 M2,3+1,8.Kat,Merkezi (Pay Ölçer),1.675.000TL,Kayseri - Kocasinan - Argıncık Mahallesi,,
186,13392928,26 Temmuz 2023,Satılık,130 M2,21 Ve Üzeri,4,Boş,10 Haziran 2023,Konut,100 M2,3+1,4.Kat,Kombi Doğalgaz,1.300.000TL,Kayseri - Kocasinan - Sümer Mahallesi,,
187,13392927,26 Temmuz 2023,Satılık,145 M2,16-20,1,Mülk Sahibi Oturuyor,10 Haziran 2023,Konut,120 M2,3+1,Düz Giriş,Sobalı,830.000TL,Kayseri - Kocasinan - Yenidoğan Mahallesi,,
188,13392920,26 Temmuz 2023,Satılık,225 M2,5-10,13,Boş,10 Haziran 2023,Konut,185 M2,6+1,13.Kat,Merkezi (Pay Ölçer),2.175.000TL,Kayseri - Kocasinan - Uğurevler Mahallesi,,
189,13392911,05 Temmuz 2023,Satılık,200 M2,0 (Yeni),14,Boş,10 Haziran 2023,Konut,160 M2,4+1,11.Kat,Merkezi (Pay Ölçer),2.450.000TLarrow_downward%8,Kayseri - Kocasinan - Seyrani Mahallesi,,
190,13388711,12 Haziran 2023,Satılık,175 M2,2,11,Boş,10 Haziran 2023,Konut,135 M2,3+1,7.Kat,Merkezi Doğalgaz,2.100.000TL,Kayseri - Kocasinan - Yakut Mahallesi,,
191,13388702,10 Haziran 2023,Satılık,210 M2,0 (Yeni),11,Boş,10 Haziran 2023,Konut,185 M2,4+1,10.Kat,Merkezi (Pay Ölçer),1.650.000TL,Kayseri - Kocasinan - Ertuğrul Gazi Mahallesi,,
192,13571507,16 Temmuz 2023,Satılık,110 M2,0 (Yeni),9,Boş,16 Temmuz 2023,Konut,85 M2,2+1,4.Kat,Merkezi Doğalgaz,295.000TL,Kayseri - Kocasinan - Ahi Evran Mahallesi,,
193,13570748,16 Temmuz 2023,Satılık,100 M2,0 (Yeni),9,Boş,16 Temmuz 2023,Konut,80 M2,2+1,4.Kat,Kombi Doğalgaz,1.345.000TL,Kayseri - Kocasinan - Şeker Mahallesi,,
194,13570531,15 Temmuz 2023,Satılık,105 M2,11-15,5,Boş,15 Temmuz 2023,Konut,90 M2,2+1,3.Kat,Kombi Doğalgaz,1.100.000TL,Kayseri - Kocasinan - Yavuz Selim Mahallesi,,
195,13568576,29 Temmuz 2023,Satılık,200 M2,1,13,Mülk Sahibi Oturuyor,15 Temmuz 2023,Konut,180 M2,3+1,13.Kat,Merkezi Doğalgaz,2.100.000TL,Kayseri - Kocasinan - Hoca Ahmet Yesevi Mahallesi,,
196,13567861,15 Temmuz 2023,Satılık,165 M2,5-10,10,Mülk Sahibi Oturuyor,15 Temmuz 2023,Konut,125 M2,3+1,4.Kat,Merkezi Doğalgaz,1.580.000TL,Kayseri - Kocasinan - Ahi Evran Mahallesi,,
197,13561560,24 Temmuz 2023,Satılık,165 M2,21 Ve Üzeri,2,Mülk Sahibi Oturuyor,14 Temmuz 2023,Konut,150 M2,3+1,Bahçe Katı,Sobalı,1.725.000TL,Kayseri - Kocasinan - Saraycık Mahallesi,Krediye Uygun Değil,
198,13561470,17 Temmuz 2023,Satılık,165 M2,4,12,Mülk Sahibi Oturuyor,14 Temmuz 2023,Konut,135 M2,3+1,5.Kat,Merkezi Doğalgaz,1.650.000TLarrow_downward%90,Kayseri - Kocasinan - Erkilet Mahallesi,,
199,13561352,14 Temmuz 2023,Satılık,645 M2,21 Ve Üzeri,1,Boş,14 Temmuz 2023,Konut,640 M2,1+1,Düz Giriş,Sobalı,945.000TL,Kayseri - Kocasinan - Saraycık Mahallesi,Krediye Uygun Değil,
200,13559948,18 Temmuz 2023,Satılık,150 M2,5-10,9,Kiracı Oturuyor,13 Temmuz 2023,Konut,130 M2,3+1,8.Kat,Merkezi Doğalgaz,1.350.000TL,Kayseri - Kocasinan - Ahi Evran Mahallesi,,
201,13559559,25 Temmuz 2023,Satılık,125 M2,1,14,Boş,13 Temmuz 2023,Konut,100 M2,2.5+1,8.Kat,Merkezi (Pay Ölçer),1.750.000TL,Kayseri - Kocasinan - Ziyagökalp Mahallesi,Bilinmiyor,
202,13559042,24 Temmuz 2023,Satılık,185 M2,2,14,Boş,13 Temmuz 2023,Konut,145 M2,3.5+1,7.Kat,Merkezi (Pay Ölçer),2.295.000TL,Kayseri - Kocasinan - Beyazşehir Mahallesi,,
203,13558068,13 Temmuz 2023,Satılık,150 M2,1,12,Mülk Sahibi Oturuyor,13 Temmuz 2023,Konut,130 M2,3+1,8.Kat,Merkezi (Pay Ölçer),1.440.000TL,Kayseri - Kocasinan - Beyazşehir Mahallesi,,
204,13554926,23 Temmuz 2023,Satılık,300 M2,21 Ve Üzeri,1,Kiracı Oturuyor,13 Temmuz 2023,Konut,165 M2,3.5+1,Müstakil.Kat,Sobalı,1.000.020TL,Kayseri - Kocasinan - Sancaktepe Mahallesi,,
205,13554363,13 Temmuz 2023,Satılık,175 M2,1,10,Boş,13 Temmuz 2023,Konut,138 M2,3+1,2.Kat,Merkezi (Pay Ölçer),1.755.000TL,Kayseri - Kocasinan - Hoca Ahmet Yesevi Mahallesi,,
206,13550322,25 Temmuz 2023,Satılık,190 M2,11-15,7,Boş,12 Temmuz 2023,Konut,160 M2,4+1,5.Kat,Merkezi Doğalgaz,1.350.000TL,Kayseri - Kocasinan - Sahabiye Mahallesi,,
207,13549712,29 Temmuz 2023,Satılık,165 M2,0 (Yeni),10,Boş,12 Temmuz 2023,Konut,125 M2,3+1,8.Kat,Merkezi (Pay Ölçer),2.050.000TL,Kayseri - Kocasinan - Mithatpaşa Mahallesi,Krediye Uygun Değil,
208,13549606,29 Temmuz 2023,Satılık,165 M2,5-10,8,Mülk Sahibi Oturuyor,12 Temmuz 2023,Konut,140 M2,3+1,8.Kat,Merkezi (Pay Ölçer),1.675.000TL,Kayseri - Kocasinan - Argıncık Mahallesi,,
209,13349085,03 Haziran 2023,Satılık,170 M2,11-15,4,Mülk Sahibi Oturuyor,03 Haziran 2023,Konut,135 M2,3+1,3.Kat,Kombi Doğalgaz,1.450.000TL,Kayseri - Kocasinan - Zümrüt Mahallesi,,
210,13347658,03 Haziran 2023,Satılık,165 M2,0 (Yeni),10,Boş,03 Haziran 2023,Konut,135 M2,3+1,6.Kat,Merkezi (Pay Ölçer),2.050.000TL,Kayseri - Kocasinan - Mithatpaşa Mahallesi,,
211,13346421,18 Temmuz 2023,Satılık,175 M2,5-10,9,Boş,03 Haziran 2023,Konut,135 M2,3+1,8.Kat,Merkezi (Pay Ölçer),1.599.000TL,Kayseri - Kocasinan - Ertuğrul Gazi Mahallesi,,
212,13339887,07 Haziran 2023,Satılık,200 M2,0 (Yeni),14,Boş,02 Haziran 2023,Konut,150 M2,4+1,6.Kat,Merkezi (Pay Ölçer),3.600.000TL,Kayseri - Kocasinan - Yakut Mahallesi,,
213,13339014,29 Temmuz 2023,Satılık,160 M2,0 (Yeni),7,Boş,01 Haziran 2023,Konut,125 M2,3+1,3.Kat,Merkezi (Pay Ölçer),1.650.000TL,Kayseri - Kocasinan - Osmangazi Mahallesi,Bilinmiyor,
214,13335942,04 Temmuz 2023,Satılık,230 M2,0 (Yeni),13,Boş,01 Haziran 2023,Konut,200 M2,4+1,4.Kat,Merkezi (Pay Ölçer),3.550.000TL,Kayseri - Kocasinan - Ertuğrul Gazi Mahallesi,,
215,13571507,16 Temmuz 2023,Satılık,110 M2,0 (Yeni),9,Boş,16 Temmuz 2023,Konut,85 M2,2+1,4.Kat,Merkezi Doğalgaz,295.000TL,Kayseri - Kocasinan - Ahi Evran Mahallesi,,
216,13570748,16 Temmuz 2023,Satılık,100 M2,0 (Yeni),9,Boş,16 Temmuz 2023,Konut,80 M2,2+1,4.Kat,Kombi Doğalgaz,1.345.000TL,Kayseri - Kocasinan - Şeker Mahallesi,,
217,13570531,15 Temmuz 2023,Satılık,105 M2,11-15,5,Boş,15 Temmuz 2023,Konut,90 M2,2+1,3.Kat,Kombi Doğalgaz,1.100.000TL,Kayseri - Kocasinan - Yavuz Selim Mahallesi,,
218,13568576,29 Temmuz 2023,Satılık,200 M2,1,13,Mülk Sahibi Oturuyor,15 Temmuz 2023,Konut,180 M2,3+1,13.Kat,Merkezi Doğalgaz,2.100.000TL,Kayseri - Kocasinan - Hoca Ahmet Yesevi Mahallesi,,
219,13567861,15 Temmuz 2023,Satılık,165 M2,5-10,10,Mülk Sahibi Oturuyor,15 Temmuz 2023,Konut,125 M2,3+1,4.Kat,Merkezi Doğalgaz,1.580.000TL,Kayseri - Kocasinan - Ahi Evran Mahallesi,,
220,13561560,24 Temmuz 2023,Satılık,165 M2,21 Ve Üzeri,2,Mülk Sahibi Oturuyor,14 Temmuz 2023,Konut,150 M2,3+1,Bahçe Katı,Sobalı,1.725.000TL,Kayseri - Kocasinan - Saraycık Mahallesi,Krediye Uygun Değil,
221,13561470,17 Temmuz 2023,Satılık,165 M2,4,12,Mülk Sahibi Oturuyor,14 Temmuz 2023,Konut,135 M2,3+1,5.Kat,Merkezi Doğalgaz,1.650.000TLarrow_downward%90,Kayseri - Kocasinan - Erkilet Mahallesi,,
222,13561352,14 Temmuz 2023,Satılık,645 M2,21 Ve Üzeri,1,Boş,14 Temmuz 2023,Konut,640 M2,1+1,Düz Giriş,Sobalı,945.000TL,Kayseri - Kocasinan - Saraycık Mahallesi,Krediye Uygun Değil,
223,13559948,18 Temmuz 2023,Satılık,150 M2,5-10,9,Kiracı Oturuyor,13 Temmuz 2023,Konut,130 M2,3+1,8.Kat,Merkezi Doğalgaz,1.350.000TL,Kayseri - Kocasinan - Ahi Evran Mahallesi,,
224,13559559,25 Temmuz 2023,Satılık,125 M2,1,14,Boş,13 Temmuz 2023,Konut,100 M2,2.5+1,8.Kat,Merkezi (Pay Ölçer),1.750.000TL,Kayseri - Kocasinan - Ziyagökalp Mahallesi,Bilinmiyor,
225,13559042,24 Temmuz 2023,Satılık,185 M2,2,14,Boş,13 Temmuz 2023,Konut,145 M2,3.5+1,7.Kat,Merkezi (Pay Ölçer),2.295.000TL,Kayseri - Kocasinan - Beyazşehir Mahallesi,,
226,13558068,13 Temmuz 2023,Satılık,150 M2,1,12,Mülk Sahibi Oturuyor,13 Temmuz 2023,Konut,130 M2,3+1,8.Kat,Merkezi (Pay Ölçer),1.440.000TL,Kayseri - Kocasinan - Beyazşehir Mahallesi,,
227,13554926,23 Temmuz 2023,Satılık,300 M2,21 Ve Üzeri,1,Kiracı Oturuyor,13 Temmuz 2023,Konut,165 M2,3.5+1,Müstakil.Kat,Sobalı,1.000.020TL,Kayseri - Kocasinan - Sancaktepe Mahallesi,,
228,13554363,13 Temmuz 2023,Satılık,175 M2,1,10,Boş,13 Temmuz 2023,Konut,138 M2,3+1,2.Kat,Merkezi (Pay Ölçer),1.755.000TL,Kayseri - Kocasinan - Hoca Ahmet Yesevi Mahallesi,,
229,13550322,25 Temmuz 2023,Satılık,190 M2,11-15,7,Boş,12 Temmuz 2023,Konut,160 M2,4+1,5.Kat,Merkezi Doğalgaz,1.350.000TL,Kayseri - Kocasinan - Sahabiye Mahallesi,,
230,13549712,29 Temmuz 2023,Satılık,165 M2,0 (Yeni),10,Boş,12 Temmuz 2023,Konut,125 M2,3+1,8.Kat,Merkezi (Pay Ölçer),2.050.000TL,Kayseri - Kocasinan - Mithatpaşa Mahallesi,Krediye Uygun Değil,
231,13549606,29 Temmuz 2023,Satılık,165 M2,5-10,8,Mülk Sahibi Oturuyor,12 Temmuz 2023,Konut,140 M2,3+1,8.Kat,Merkezi (Pay Ölçer),1.675.000TL,Kayseri - Kocasinan - Argıncık Mahallesi,,
232,13303043,27 Mayıs 2023,Satılık,122 M2,0 (Yeni),6,Boş,27 Mayıs 2023,Konut,105 M2,2+1,2.Kat,Merkezi (Pay Ölçer),74.500TL,Kayseri - Kocasinan - Şeker Mahallesi,,
233,13299767,27 Mayıs 2023,Satılık,155 M2,21 Ve Üzeri,13,Mülk Sahibi Oturuyor,27 Mayıs 2023,Konut,140 M2,3+1,9.Kat,Merkezi Doğalgaz,1.275.000TL,Kayseri - Kocasinan - Sahabiye Mahallesi,,
234,13299418,27 Mayıs 2023,Satılık,195 M2,4,12,Kiracı Oturuyor,26 Mayıs 2023,Konut,175 M2,3+1,9.Kat,Merkezi (Pay Ölçer),1.550.000TL,Kayseri - Kocasinan - Beyazşehir Mahallesi,,
235,13299415,27 Mayıs 2023,Satılık,160 M2,4,12,Kiracı Oturuyor,26 Mayıs 2023,Konut,155 M2,3+1,4.Kat,Merkezi (Pay Ölçer),1.599.000TL,Kayseri - Kocasinan - Alsancak Mahallesi,Krediye Uygun Değil,
236,13298168,26 Mayıs 2023,Satılık,180 M2,5-10,10,Boş,26 Mayıs 2023,Konut,160 M2,3+1,1.Kat,Merkezi (Pay Ölçer),2.450.000TL,Kayseri - Kocasinan - Yıldızevler Mahallesi,Krediye Uygun Değil,
237,13295322,09 Temmuz 2023,Satılık,90 M2,0 (Yeni),9,Boş,26 Mayıs 2023,Konut,70 M2,1+1,9.Kat,Merkezi (Pay Ölçer),1.050.000TL,Kayseri - Kocasinan - Şeker Mahallesi,,
238,13295317,28 Temmuz 2023,Satılık,130 M2,0 (Yeni),10,Boş,26 Mayıs 2023,Konut,110 M2,3+1,5.Kat,Merkezi Doğalgaz,410.000TL,Kayseri - Kocasinan - Ahi Evran Mahallesi,Krediye Uygun Değil,
239,13294573,26 Mayıs 2023,Satılık,270 M2,4,14,Kiracı Oturuyor,26 Mayıs 2023,Konut,250 M2,4+1,11.Kat,Merkezi (Pay Ölçer),3.000.000TL,Kayseri - Kocasinan - Alsancak Mahallesi,,
240,13294570,26 Mayıs 2023,Satılık,145 M2,16-20,10,Boş,26 Mayıs 2023,Konut,115 M2,3+1,10.Kat,Kombi Doğalgaz,1.000.000TL,Kayseri - Kocasinan - Gevhernesibe Mahallesi,,
241,13568576,29 Temmuz 2023,Satılık,200 M2,1,13,Mülk Sahibi Oturuyor,15 Temmuz 2023,Konut,180 M2,3+1,13.Kat,Merkezi Doğalgaz,2.100.000TL,Kayseri - Kocasinan - Hoca Ahmet Yesevi Mahallesi,,
242,13567861,15 Temmuz 2023,Satılık,165 M2,5-10,10,Mülk Sahibi Oturuyor,15 Temmuz 2023,Konut,125 M2,3+1,4.Kat,Merkezi Doğalgaz,1.580.000TL,Kayseri - Kocasinan - Ahi Evran Mahallesi,,
243,13561560,24 Temmuz 2023,Satılık,165 M2,21 Ve Üzeri,2,Mülk Sahibi Oturuyor,14 Temmuz 2023,Konut,150 M2,3+1,Bahçe Katı,Sobalı,1.725.000TL,Kayseri - Kocasinan - Saraycık Mahallesi,Krediye Uygun Değil,
244,13561470,17 Temmuz 2023,Satılık,165 M2,4,12,Mülk Sahibi Oturuyor,14 Temmuz 2023,Konut,135 M2,3+1,5.Kat,Merkezi Doğalgaz,1.650.000TLarrow_downward%90,Kayseri - Kocasinan - Erkilet Mahallesi,,
245,13561352,14 Temmuz 2023,Satılık,645 M2,21 Ve Üzeri,1,Boş,14 Temmuz 2023,Konut,640 M2,1+1,Düz Giriş,Sobalı,945.000TL,Kayseri - Kocasinan - Saraycık Mahallesi,Krediye Uygun Değil,
246,13559948,18 Temmuz 2023,Satılık,150 M2,5-10,9,Kiracı Oturuyor,13 Temmuz 2023,Konut,130 M2,3+1,8.Kat,Merkezi Doğalgaz,1.350.000TL,Kayseri - Kocasinan - Ahi Evran Mahallesi,,
247,13559559,25 Temmuz 2023,Satılık,125 M2,1,14,Boş,13 Temmuz 2023,Konut,100 M2,2.5+1,8.Kat,Merkezi (Pay Ölçer),1.750.000TL,Kayseri - Kocasinan - Ziyagökalp Mahallesi,Bilinmiyor,
248,13559042,24 Temmuz 2023,Satılık,185 M2,2,14,Boş,13 Temmuz 2023,Konut,145 M2,3.5+1,7.Kat,Merkezi (Pay Ölçer),2.295.000TL,Kayseri - Kocasinan - Beyazşehir Mahallesi,,
249,13558068,13 Temmuz 2023,Satılık,150 M2,1,12,Mülk Sahibi Oturuyor,13 Temmuz 2023,Konut,130 M2,3+1,8.Kat,Merkezi (Pay Ölçer),1.440.000TL,Kayseri - Kocasinan - Beyazşehir Mahallesi,,
250,13554926,23 Temmuz 2023,Satılık,300 M2,21 Ve Üzeri,1,Kiracı Oturuyor,13 Temmuz 2023,Konut,165 M2,3.5+1,Müstakil.Kat,Sobalı,1.000.020TL,Kayseri - Kocasinan - Sancaktepe Mahallesi,,
251,13554363,13 Temmuz 2023,Satılık,175 M2,1,10,Boş,13 Temmuz 2023,Konut,138 M2,3+1,2.Kat,Merkezi (Pay Ölçer),1.755.000TL,Kayseri - Kocasinan - Hoca Ahmet Yesevi Mahallesi,,
252,13550322,25 Temmuz 2023,Satılık,190 M2,11-15,7,Boş,12 Temmuz 2023,Konut,160 M2,4+1,5.Kat,Merkezi Doğalgaz,1.350.000TL,Kayseri - Kocasinan - Sahabiye Mahallesi,,
253,13549712,29 Temmuz 2023,Satılık,165 M2,0 (Yeni),10,Boş,12 Temmuz 2023,Konut,125 M2,3+1,8.Kat,Merkezi (Pay Ölçer),2.050.000TL,Kayseri - Kocasinan - Mithatpaşa Mahallesi,Krediye Uygun Değil,
254,13549606,29 Temmuz 2023,Satılık,165 M2,5-10,8,Mülk Sahibi Oturuyor,12 Temmuz 2023,Konut,140 M2,3+1,8.Kat,Merkezi (Pay Ölçer),1.675.000TL,Kayseri - Kocasinan - Argıncık Mahallesi,,
255,13585413,20 Temmuz 2023,Satılık,175 M2,0 (Yeni),12,Boş,19 Temmuz 2023,Konut,135 M2,3+1,2.Kat,Merkezi Doğalgaz,1.700.000TL,Kayseri - Kocasinan - Ertuğrul Gazi Mahallesi,Bilinmiyor,
256,13585387,19 Temmuz 2023,Satılık,135 M2,0 (Yeni),15,Boş,19 Temmuz 2023,Konut,110 M2,3+1,8.Kat,Merkezi (Pay Ölçer),2.100.000TL,Kayseri - Kocasinan - Sahabiye Mahallesi,Krediye Uygun Değil,
257,13585377,19 Temmuz 2023,Satılık,205 M2,21 Ve Üzeri,15,Mülk Sahibi Oturuyor,19 Temmuz 2023,Konut,170 M2,4+1,6.Kat,Merkezi (Pay Ölçer),2.480.000TL,Kayseri - Kocasinan - Yakut Mahallesi,Krediye Uygun Değil,
258,13583809,18 Temmuz 2023,Satılık,185 M2,5-10,12,Mülk Sahibi Oturuyor,18 Temmuz 2023,Konut,145 M2,3+1,9.Kat,Merkezi (Pay Ölçer),1.325.000TL,Kayseri - Kocasinan - Beyazşehir Mahallesi,Krediye Uygun Değil,
259,13580320,18 Temmuz 2023,Satılık,120 M2,0 (Yeni),12,Boş,18 Temmuz 2023,Konut,110 M2,2+1,5.Kat,Merkezi (Pay Ölçer),300.000TL,Kayseri - Kocasinan - Ahi Evran Mahallesi,Bilinmiyor,
260,13577332,17 Temmuz 2023,Satılık,180 M2,5-10,8,Kiracı Oturuyor,17 Temmuz 2023,Konut,150 M2,3+1,1.Kat,Merkezi Doğalgaz,1.550.000TL,Kayseri - Kocasinan - Sancaktepe Mahallesi,,
261,13571507,16 Temmuz 2023,Satılık,110 M2,0 (Yeni),9,Boş,16 Temmuz 2023,Konut,85 M2,2+1,4.Kat,Merkezi Doğalgaz,295.000TL,Kayseri - Kocasinan - Ahi Evran Mahallesi,,
262,13570748,16 Temmuz 2023,Satılık,100 M2,0 (Yeni),9,Boş,16 Temmuz 2023,Konut,80 M2,2+1,4.Kat,Kombi Doğalgaz,1.345.000TL,Kayseri - Kocasinan - Şeker Mahallesi,,
263,13570531,15 Temmuz 2023,Satılık,105 M2,11-15,5,Boş,15 Temmuz 2023,Konut,90 M2,2+1,3.Kat,Kombi Doğalgaz,1.100.000TL,Kayseri - Kocasinan - Yavuz Selim Mahallesi,,
264,13568576,29 Temmuz 2023,Satılık,200 M2,1,13,Mülk Sahibi Oturuyor,15 Temmuz 2023,Konut,180 M2,3+1,13.Kat,Merkezi Doğalgaz,2.100.000TL,Kayseri - Kocasinan - Hoca Ahmet Yesevi Mahallesi,,
265,13567861,15 Temmuz 2023,Satılık,165 M2,5-10,10,Mülk Sahibi Oturuyor,15 Temmuz 2023,Konut,125 M2,3+1,4.Kat,Merkezi Doğalgaz,1.580.000TL,Kayseri - Kocasinan - Ahi Evran Mahallesi,,
266,13561560,24 Temmuz 2023,Satılık,165 M2,21 Ve Üzeri,2,Mülk Sahibi Oturuyor,14 Temmuz 2023,Konut,150 M2,3+1,Bahçe Katı,Sobalı,1.725.000TL,Kayseri - Kocasinan - Saraycık Mahallesi,Krediye Uygun Değil,
267,13561470,17 Temmuz 2023,Satılık,165 M2,4,12,Mülk Sahibi Oturuyor,14 Temmuz 2023,Konut,135 M2,3+1,5.Kat,Merkezi Doğalgaz,1.650.000TLarrow_downward%90,Kayseri - Kocasinan - Erkilet Mahallesi,,
268,13561352,14 Temmuz 2023,Satılık,645 M2,21 Ve Üzeri,1,Boş,14 Temmuz 2023,Konut,640 M2,1+1,Düz Giriş,Sobalı,945.000TL,Kayseri - Kocasinan - Saraycık Mahallesi,Krediye Uygun Değil,
269,13559948,18 Temmuz 2023,Satılık,150 M2,5-10,9,Kiracı Oturuyor,13 Temmuz 2023,Konut,130 M2,3+1,8.Kat,Merkezi Doğalgaz,1.350.000TL,Kayseri - Kocasinan - Ahi Evran Mahallesi,,
270,13559559,25 Temmuz 2023,Satılık,125 M2,1,14,Boş,13 Temmuz 2023,Konut,100 M2,2.5+1,8.Kat,Merkezi (Pay Ölçer),1.750.000TL,Kayseri - Kocasinan - Ziyagökalp Mahallesi,Bilinmiyor,
271,13559042,24 Temmuz 2023,Satılık,185 M2,2,14,Boş,13 Temmuz 2023,Konut,145 M2,3.5+1,7.Kat,Merkezi (Pay Ölçer),2.295.000TL,Kayseri - Kocasinan - Beyazşehir Mahallesi,,
272,13558068,13 Temmuz 2023,Satılık,150 M2,1,12,Mülk Sahibi Oturuyor,13 Temmuz 2023,Konut,130 M2,3+1,8.Kat,Merkezi (Pay Ölçer),1.440.000TL,Kayseri - Kocasinan - Beyazşehir Mahallesi,,
273,13554926,23 Temmuz 2023,Satılık,300 M2,21 Ve Üzeri,1,Kiracı Oturuyor,13 Temmuz 2023,Konut,165 M2,3.5+1,Müstakil.Kat,Sobalı,1.000.020TL,Kayseri - Kocasinan - Sancaktepe Mahallesi,,
274,13554363,13 Temmuz 2023,Satılık,175 M2,1,10,Boş,13 Temmuz 2023,Konut,138 M2,3+1,2.Kat,Merkezi (Pay Ölçer),1.755.000TL,Kayseri - Kocasinan - Hoca Ahmet Yesevi Mahallesi,,
275,13550322,25 Temmuz 2023,Satılık,190 M2,11-15,7,Boş,12 Temmuz 2023,Konut,160 M2,4+1,5.Kat,Merkezi Doğalgaz,1.350.000TL,Kayseri - Kocasinan - Sahabiye Mahallesi,,
276,13549712,29 Temmuz 2023,Satılık,165 M2,0 (Yeni),10,Boş,12 Temmuz 2023,Konut,125 M2,3+1,8.Kat,Merkezi (Pay Ölçer),2.050.000TL,Kayseri - Kocasinan - Mithatpaşa Mahallesi,Krediye Uygun Değil,
277,13549606,29 Temmuz 2023,Satılık,165 M2,5-10,8,Mülk Sahibi Oturuyor,12 Temmuz 2023,Konut,140 M2,3+1,8.Kat,Merkezi (Pay Ölçer),1.675.000TL,Kayseri - Kocasinan - Argıncık Mahallesi,,
278,13585413,20 Temmuz 2023,Satılık,175 M2,0 (Yeni),12,Boş,19 Temmuz 2023,Konut,135 M2,3+1,2.Kat,Merkezi Doğalgaz,1.700.000TL,Kayseri - Kocasinan - Ertuğrul Gazi Mahallesi,Bilinmiyor,
279,13585387,19 Temmuz 2023,Satılık,135 M2,0 (Yeni),15,Boş,19 Temmuz 2023,Konut,110 M2,3+1,8.Kat,Merkezi (Pay Ölçer),2.100.000TL,Kayseri - Kocasinan - Sahabiye Mahallesi,Krediye Uygun Değil,
280,13585377,19 Temmuz 2023,Satılık,205 M2,21 Ve Üzeri,15,Mülk Sahibi Oturuyor,19 Temmuz 2023,Konut,170 M2,4+1,6.Kat,Merkezi (Pay Ölçer),2.480.000TL,Kayseri - Kocasinan - Yakut Mahallesi,Krediye Uygun Değil,
281,13583809,18 Temmuz 2023,Satılık,185 M2,5-10,12,Mülk Sahibi Oturuyor,18 Temmuz 2023,Konut,145 M2,3+1,9.Kat,Merkezi (Pay Ölçer),1.325.000TL,Kayseri - Kocasinan - Beyazşehir Mahallesi,Krediye Uygun Değil,
282,13580320,18 Temmuz 2023,Satılık,120 M2,0 (Yeni),12,Boş,18 Temmuz 2023,Konut,110 M2,2+1,5.Kat,Merkezi (Pay Ölçer),300.000TL,Kayseri - Kocasinan - Ahi Evran Mahallesi,Bilinmiyor,
283,13577332,17 Temmuz 2023,Satılık,180 M2,5-10,8,Kiracı Oturuyor,17 Temmuz 2023,Konut,150 M2,3+1,1.Kat,Merkezi Doğalgaz,1.550.000TL,Kayseri - Kocasinan - Sancaktepe Mahallesi,,
284,13571507,16 Temmuz 2023,Satılık,110 M2,0 (Yeni),9,Boş,16 Temmuz 2023,Konut,85 M2,2+1,4.Kat,Merkezi Doğalgaz,295.000TL,Kayseri - Kocasinan - Ahi Evran Mahallesi,,
285,13570748,16 Temmuz 2023,Satılık,100 M2,0 (Yeni),9,Boş,16 Temmuz 2023,Konut,80 M2,2+1,4.Kat,Kombi Doğalgaz,1.345.000TL,Kayseri - Kocasinan - Şeker Mahallesi,,
286,13570531,15 Temmuz 2023,Satılık,105 M2,11-15,5,Boş,15 Temmuz 2023,Konut,90 M2,2+1,3.Kat,Kombi Doğalgaz,1.100.000TL,Kayseri - Kocasinan - Yavuz Selim Mahallesi,,
287,13568576,29 Temmuz 2023,Satılık,200 M2,1,13,Mülk Sahibi Oturuyor,15 Temmuz 2023,Konut,180 M2,3+1,13.Kat,Merkezi Doğalgaz,2.100.000TL,Kayseri - Kocasinan - Hoca Ahmet Yesevi Mahallesi,,
288,13567861,15 Temmuz 2023,Satılık,165 M2,5-10,10,Mülk Sahibi Oturuyor,15 Temmuz 2023,Konut,125 M2,3+1,4.Kat,Merkezi Doğalgaz,1.580.000TL,Kayseri - Kocasinan - Ahi Evran Mahallesi,,
289,13561560,24 Temmuz 2023,Satılık,165 M2,21 Ve Üzeri,2,Mülk Sahibi Oturuyor,14 Temmuz 2023,Konut,150 M2,3+1,Bahçe Katı,Sobalı,1.725.000TL,Kayseri - Kocasinan - Saraycık Mahallesi,Krediye Uygun Değil,
290,13561470,17 Temmuz 2023,Satılık,165 M2,4,12,Mülk Sahibi Oturuyor,14 Temmuz 2023,Konut,135 M2,3+1,5.Kat,Merkezi Doğalgaz,1.650.000TLarrow_downward%90,Kayseri - Kocasinan - Erkilet Mahallesi,,
291,13561352,14 Temmuz 2023,Satılık,645 M2,21 Ve Üzeri,1,Boş,14 Temmuz 2023,Konut,640 M2,1+1,Düz Giriş,Sobalı,945.000TL,Kayseri - Kocasinan - Saraycık Mahallesi,Krediye Uygun Değil,
292,13559948,18 Temmuz 2023,Satılık,150 M2,5-10,9,Kiracı Oturuyor,13 Temmuz 2023,Konut,130 M2,3+1,8.Kat,Merkezi Doğalgaz,1.350.000TL,Kayseri - Kocasinan - Ahi Evran Mahallesi,,
293,13559559,25 Temmuz 2023,Satılık,125 M2,1,14,Boş,13 Temmuz 2023,Konut,100 M2,2.5+1,8.Kat,Merkezi (Pay Ölçer),1.750.000TL,Kayseri - Kocasinan - Ziyagökalp Mahallesi,Bilinmiyor,
294,13559042,24 Temmuz 2023,Satılık,185 M2,2,14,Boş,13 Temmuz 2023,Konut,145 M2,3.5+1,7.Kat,Merkezi (Pay Ölçer),2.295.000TL,Kayseri - Kocasinan - Beyazşehir Mahallesi,,
295,13558068,13 Temmuz 2023,Satılık,150 M2,1,12,Mülk Sahibi Oturuyor,13 Temmuz 2023,Konut,130 M2,3+1,8.Kat,Merkezi (Pay Ölçer),1.440.000TL,Kayseri - Kocasinan - Beyazşehir Mahallesi,,
296,13554926,23 Temmuz 2023,Satılık,300 M2,21 Ve Üzeri,1,Kiracı Oturuyor,13 Temmuz 2023,Konut,165 M2,3.5+1,Müstakil.Kat,Sobalı,1.000.020TL,Kayseri - Kocasinan - Sancaktepe Mahallesi,,
297,13554363,13 Temmuz 2023,Satılık,175 M2,1,10,Boş,13 Temmuz 2023,Konut,138 M2,3+1,2.Kat,Merkezi (Pay Ölçer),1.755.000TL,Kayseri - Kocasinan - Hoca Ahmet Yesevi Mahallesi,,
298,13550322,25 Temmuz 2023,Satılık,190 M2,11-15,7,Boş,12 Temmuz 2023,Konut,160 M2,4+1,5.Kat,Merkezi Doğalgaz,1.350.000TL,Kayseri - Kocasinan - Sahabiye Mahallesi,,
299,13549712,29 Temmuz 2023,Satılık,165 M2,0 (Yeni),10,Boş,12 Temmuz 2023,Konut,125 M2,3+1,8.Kat,Merkezi (Pay Ölçer),2.050.000TL,Kayseri - Kocasinan - Mithatpaşa Mahallesi,Krediye Uygun Değil,
300,13549606,29 Temmuz 2023,Satılık,165 M2,5-10,8,Mülk Sahibi Oturuyor,12 Temmuz 2023,Konut,140 M2,3+1,8.Kat,Merkezi (Pay Ölçer),1.675.000TL,Kayseri - Kocasinan - Argıncık Mahallesi,,
301,13585413,20 Temmuz 2023,Satılık,175 M2,0 (Yeni),12,Boş,19 Temmuz 2023,Konut,135 M2,3+1,2.Kat,Merkezi Doğalgaz,1.700.000TL,Kayseri - Kocasinan - Ertuğrul Gazi Mahallesi,Bilinmiyor,
302,13585387,19 Temmuz 2023,Satılık,135 M2,0 (Yeni),15,Boş,19 Temmuz 2023,Konut,110 M2,3+1,8.Kat,Merkezi (Pay Ölçer),2.100.000TL,Kayseri - Kocasinan - Sahabiye Mahallesi,Krediye Uygun Değil,
303,13585377,19 Temmuz 2023,Satılık,205 M2,21 Ve Üzeri,15,Mülk Sahibi Oturuyor,19 Temmuz 2023,Konut,170 M2,4+1,6.Kat,Merkezi (Pay Ölçer),2.480.000TL,Kayseri - Kocasinan - Yakut Mahallesi,Krediye Uygun Değil,
304,13583809,18 Temmuz 2023,Satılık,185 M2,5-10,12,Mülk Sahibi Oturuyor,18 Temmuz 2023,Konut,145 M2,3+1,9.Kat,Merkezi (Pay Ölçer),1.325.000TL,Kayseri - Kocasinan - Beyazşehir Mahallesi,Krediye Uygun Değil,
305,13580320,18 Temmuz 2023,Satılık,120 M2,0 (Yeni),12,Boş,18 Temmuz 2023,Konut,110 M2,2+1,5.Kat,Merkezi (Pay Ölçer),300.000TL,Kayseri - Kocasinan - Ahi Evran Mahallesi,Bilinmiyor,
306,13577332,17 Temmuz 2023,Satılık,180 M2,5-10,8,Kiracı Oturuyor,17 Temmuz 2023,Konut,150 M2,3+1,1.Kat,Merkezi Doğalgaz,1.550.000TL,Kayseri - Kocasinan - Sancaktepe Mahallesi,,
307,13571507,16 Temmuz 2023,Satılık,110 M2,0 (Yeni),9,Boş,16 Temmuz 2023,Konut,85 M2,2+1,4.Kat,Merkezi Doğalgaz,295.000TL,Kayseri - Kocasinan - Ahi Evran Mahallesi,,
308,13570748,16 Temmuz 2023,Satılık,100 M2,0 (Yeni),9,Boş,16 Temmuz 2023,Konut,80 M2,2+1,4.Kat,Kombi Doğalgaz,1.345.000TL,Kayseri - Kocasinan - Şeker Mahallesi,,
309,13570531,15 Temmuz 2023,Satılık,105 M2,11-15,5,Boş,15 Temmuz 2023,Konut,90 M2,2+1,3.Kat,Kombi Doğalgaz,1.100.000TL,Kayseri - Kocasinan - Yavuz Selim Mahallesi,,
310,13568576,29 Temmuz 2023,Satılık,200 M2,1,13,Mülk Sahibi Oturuyor,15 Temmuz 2023,Konut,180 M2,3+1,13.Kat,Merkezi Doğalgaz,2.100.000TL,Kayseri - Kocasinan - Hoca Ahmet Yesevi Mahallesi,,
311,13567861,15 Temmuz 2023,Satılık,165 M2,5-10,10,Mülk Sahibi Oturuyor,15 Temmuz 2023,Konut,125 M2,3+1,4.Kat,Merkezi Doğalgaz,1.580.000TL,Kayseri - Kocasinan - Ahi Evran Mahallesi,,
312,13561560,24 Temmuz 2023,Satılık,165 M2,21 Ve Üzeri,2,Mülk Sahibi Oturuyor,14 Temmuz 2023,Konut,150 M2,3+1,Bahçe Katı,Sobalı,1.725.000TL,Kayseri - Kocasinan - Saraycık Mahallesi,Krediye Uygun Değil,
313,13561470,17 Temmuz 2023,Satılık,165 M2,4,12,Mülk Sahibi Oturuyor,14 Temmuz 2023,Konut,135 M2,3+1,5.Kat,Merkezi Doğalgaz,1.650.000TLarrow_downward%90,Kayseri - Kocasinan - Erkilet Mahallesi,,
314,13561352,14 Temmuz 2023,Satılık,645 M2,21 Ve Üzeri,1,Boş,14 Temmuz 2023,Konut,640 M2,1+1,Düz Giriş,Sobalı,945.000TL,Kayseri - Kocasinan - Saraycık Mahallesi,Krediye Uygun Değil,
315,13559948,18 Temmuz 2023,Satılık,150 M2,5-10,9,Kiracı Oturuyor,13 Temmuz 2023,Konut,130 M2,3+1,8.Kat,Merkezi Doğalgaz,1.350.000TL,Kayseri - Kocasinan - Ahi Evran Mahallesi,,
316,13559559,25 Temmuz 2023,Satılık,125 M2,1,14,Boş,13 Temmuz 2023,Konut,100 M2,2.5+1,8.Kat,Merkezi (Pay Ölçer),1.750.000TL,Kayseri - Kocasinan - Ziyagökalp Mahallesi,Bilinmiyor,
317,13559042,24 Temmuz 2023,Satılık,185 M2,2,14,Boş,13 Temmuz 2023,Konut,145 M2,3.5+1,7.Kat,Merkezi (Pay Ölçer),2.295.000TL,Kayseri - Kocasinan - Beyazşehir Mahallesi,,
318,13558068,13 Temmuz 2023,Satılık,150 M2,1,12,Mülk Sahibi Oturuyor,13 Temmuz 2023,Konut,130 M2,3+1,8.Kat,Merkezi (Pay Ölçer),1.440.000TL,Kayseri - Kocasinan - Beyazşehir Mahallesi,,
319,13554926,23 Temmuz 2023,Satılık,300 M2,21 Ve Üzeri,1,Kiracı Oturuyor,13 Temmuz 2023,Konut,165 M2,3.5+1,Müstakil.Kat,Sobalı,1.000.020TL,Kayseri - Kocasinan - Sancaktepe Mahallesi,,
320,13554363,13 Temmuz 2023,Satılık,175 M2,1,10,Boş,13 Temmuz 2023,Konut,138 M2,3+1,2.Kat,Merkezi (Pay Ölçer),1.755.000TL,Kayseri - Kocasinan - Hoca Ahmet Yesevi Mahallesi,,
321,13550322,25 Temmuz 2023,Satılık,190 M2,11-15,7,Boş,12 Temmuz 2023,Konut,160 M2,4+1,5.Kat,Merkezi Doğalgaz,1.350.000TL,Kayseri - Kocasinan - Sahabiye Mahallesi,,
322,13549712,29 Temmuz 2023,Satılık,165 M2,0 (Yeni),10,Boş,12 Temmuz 2023,Konut,125 M2,3+1,8.Kat,Merkezi (Pay Ölçer),2.050.000TL,Kayseri - Kocasinan - Mithatpaşa Mahallesi,Krediye Uygun Değil,
323,13549606,29 Temmuz 2023,Satılık,165 M2,5-10,8,Mülk Sahibi Oturuyor,12 Temmuz 2023,Konut,140 M2,3+1,8.Kat,Merkezi (Pay Ölçer),1.675.000TL,Kayseri - Kocasinan - Argıncık Mahallesi,,
324,13585413,20 Temmuz 2023,Satılık,175 M2,0 (Yeni),12,Boş,19 Temmuz 2023,Konut,135 M2,3+1,2.Kat,Merkezi Doğalgaz,1.700.000TL,Kayseri - Kocasinan - Ertuğrul Gazi Mahallesi,Bilinmiyor,
325,13585387,19 Temmuz 2023,Satılık,135 M2,0 (Yeni),15,Boş,19 Temmuz 2023,Konut,110 M2,3+1,8.Kat,Merkezi (Pay Ölçer),2.100.000TL,Kayseri - Kocasinan - Sahabiye Mahallesi,Krediye Uygun Değil,
326,13585377,19 Temmuz 2023,Satılık,205 M2,21 Ve Üzeri,15,Mülk Sahibi Oturuyor,19 Temmuz 2023,Konut,170 M2,4+1,6.Kat,Merkezi (Pay Ölçer),2.480.000TL,Kayseri - Kocasinan - Yakut Mahallesi,Krediye Uygun Değil,
327,13583809,18 Temmuz 2023,Satılık,185 M2,5-10,12,Mülk Sahibi Oturuyor,18 Temmuz 2023,Konut,145 M2,3+1,9.Kat,Merkezi (Pay Ölçer),1.325.000TL,Kayseri - Kocasinan - Beyazşehir Mahallesi,Krediye Uygun Değil,
328,13580320,18 Temmuz 2023,Satılık,120 M2,0 (Yeni),12,Boş,18 Temmuz 2023,Konut,110 M2,2+1,5.Kat,Merkezi (Pay Ölçer),300.000TL,Kayseri - Kocasinan - Ahi Evran Mahallesi,Bilinmiyor,
329,13577332,17 Temmuz 2023,Satılık,180 M2,5-10,8,Kiracı Oturuyor,17 Temmuz 2023,Konut,150 M2,3+1,1.Kat,Merkezi Doğalgaz,1.550.000TL,Kayseri - Kocasinan - Sancaktepe Mahallesi,,
330,13571507,16 Temmuz 2023,Satılık,110 M2,0 (Yeni),9,Boş,16 Temmuz 2023,Konut,85 M2,2+1,4.Kat,Merkezi Doğalgaz,295.000TL,Kayseri - Kocasinan - Ahi Evran Mahallesi,,
331,13570748,16 Temmuz 2023,Satılık,100 M2,0 (Yeni),9,Boş,16 Temmuz 2023,Konut,80 M2,2+1,4.Kat,Kombi Doğalgaz,1.345.000TL,Kayseri - Kocasinan - Şeker Mahallesi,,
332,13570531,15 Temmuz 2023,Satılık,105 M2,11-15,5,Boş,15 Temmuz 2023,Konut,90 M2,2+1,3.Kat,Kombi Doğalgaz,1.100.000TL,Kayseri - Kocasinan - Yavuz Selim Mahallesi,,
333,13568576,29 Temmuz 2023,Satılık,200 M2,1,13,Mülk Sahibi Oturuyor,15 Temmuz 2023,Konut,180 M2,3+1,13.Kat,Merkezi Doğalgaz,2.100.000TL,Kayseri - Kocasinan - Hoca Ahmet Yesevi Mahallesi,,
334,13567861,15 Temmuz 2023,Satılık,165 M2,5-10,10,Mülk Sahibi Oturuyor,15 Temmuz 2023,Konut,125 M2,3+1,4.Kat,Merkezi Doğalgaz,1.580.000TL,Kayseri - Kocasinan - Ahi Evran Mahallesi,,
335,13561560,24 Temmuz 2023,Satılık,165 M2,21 Ve Üzeri,2,Mülk Sahibi Oturuyor,14 Temmuz 2023,Konut,150 M2,3+1,Bahçe Katı,Sobalı,1.725.000TL,Kayseri - Kocasinan - Saraycık Mahallesi,Krediye Uygun Değil,
336,13561470,17 Temmuz 2023,Satılık,165 M2,4,12,Mülk Sahibi Oturuyor,14 Temmuz 2023,Konut,135 M2,3+1,5.Kat,Merkezi Doğalgaz,1.650.000TLarrow_downward%90,Kayseri - Kocasinan - Erkilet Mahallesi,,
337,13561352,14 Temmuz 2023,Satılık,645 M2,21 Ve Üzeri,1,Boş,14 Temmuz 2023,Konut,640 M2,1+1,Düz Giriş,Sobalı,945.000TL,Kayseri - Kocasinan - Saraycık Mahallesi,Krediye Uygun Değil,
338,13559948,18 Temmuz 2023,Satılık,150 M2,5-10,9,Kiracı Oturuyor,13 Temmuz 2023,Konut,130 M2,3+1,8.Kat,Merkezi Doğalgaz,1.350.000TL,Kayseri - Kocasinan - Ahi Evran Mahallesi,,
339,13559559,25 Temmuz 2023,Satılık,125 M2,1,14,Boş,13 Temmuz 2023,Konut,100 M2,2.5+1,8.Kat,Merkezi (Pay Ölçer),1.750.000TL,Kayseri - Kocasinan - Ziyagökalp Mahallesi,Bilinmiyor,
340,13559042,24 Temmuz 2023,Satılık,185 M2,2,14,Boş,13 Temmuz 2023,Konut,145 M2,3.5+1,7.Kat,Merkezi (Pay Ölçer),2.295.000TL,Kayseri - Kocasinan - Beyazşehir Mahallesi,,
341,13558068,13 Temmuz 2023,Satılık,150 M2,1,12,Mülk Sahibi Oturuyor,13 Temmuz 2023,Konut,130 M2,3+1,8.Kat,Merkezi (Pay Ölçer),1.440.000TL,Kayseri - Kocasinan - Beyazşehir Mahallesi,,
342,13554926,23 Temmuz 2023,Satılık,300 M2,21 Ve Üzeri,1,Kiracı Oturuyor,13 Temmuz 2023,Konut,165 M2,3.5+1,Müstakil.Kat,Sobalı,1.000.020TL,Kayseri - Kocasinan - Sancaktepe Mahallesi,,
343,13554363,13 Temmuz 2023,Satılık,175 M2,1,10,Boş,13 Temmuz 2023,Konut,138 M2,3+1,2.Kat,Merkezi (Pay Ölçer),1.755.000TL,Kayseri - Kocasinan - Hoca Ahmet Yesevi Mahallesi,,
344,13550322,25 Temmuz 2023,Satılık,190 M2,11-15,7,Boş,12 Temmuz 2023,Konut,160 M2,4+1,5.Kat,Merkezi Doğalgaz,1.350.000TL,Kayseri - Kocasinan - Sahabiye Mahallesi,,
345,13549712,29 Temmuz 2023,Satılık,165 M2,0 (Yeni),10,Boş,12 Temmuz 2023,Konut,125 M2,3+1,8.Kat,Merkezi (Pay Ölçer),2.050.000TL,Kayseri - Kocasinan - Mithatpaşa Mahallesi,Krediye Uygun Değil,
346,13549606,29 Temmuz 2023,Satılık,165 M2,5-10,8,Mülk Sahibi Oturuyor,12 Temmuz 2023,Konut,140 M2,3+1,8.Kat,Merkezi (Pay Ölçer),1.675.000TL,Kayseri - Kocasinan - Argıncık Mahallesi,,
347,13585413,20 Temmuz 2023,Satılık,175 M2,0 (Yeni),12,Boş,19 Temmuz 2023,Konut,135 M2,3+1,2.Kat,Merkezi Doğalgaz,1.700.000TL,Kayseri - Kocasinan - Ertuğrul Gazi Mahallesi,Bilinmiyor,
348,13585387,19 Temmuz 2023,Satılık,135 M2,0 (Yeni),15,Boş,19 Temmuz 2023,Konut,110 M2,3+1,8.Kat,Merkezi (Pay Ölçer),2.100.000TL,Kayseri - Kocasinan - Sahabiye Mahallesi,Krediye Uygun Değil,
349,13585377,19 Temmuz 2023,Satılık,205 M2,21 Ve Üzeri,15,Mülk Sahibi Oturuyor,19 Temmuz 2023,Konut,170 M2,4+1,6.Kat,Merkezi (Pay Ölçer),2.480.000TL,Kayseri - Kocasinan - Yakut Mahallesi,Krediye Uygun Değil,
350,13583809,18 Temmuz 2023,Satılık,185 M2,5-10,12,Mülk Sahibi Oturuyor,18 Temmuz 2023,Konut,145 M2,3+1,9.Kat,Merkezi (Pay Ölçer),1.325.000TL,Kayseri - Kocasinan - Beyazşehir Mahallesi,Krediye Uygun Değil,
351,13580320,18 Temmuz 2023,Satılık,120 M2,0 (Yeni),12,Boş,18 Temmuz 2023,Konut,110 M2,2+1,5.Kat,Merkezi (Pay Ölçer),300.000TL,Kayseri - Kocasinan - Ahi Evran Mahallesi,Bilinmiyor,
352,13577332,17 Temmuz 2023,Satılık,180 M2,5-10,8,Kiracı Oturuyor,17 Temmuz 2023,Konut,150 M2,3+1,1.Kat,Merkezi Doğalgaz,1.550.000TL,Kayseri - Kocasinan - Sancaktepe Mahallesi,,
353,13571507,16 Temmuz 2023,Satılık,110 M2,0 (Yeni),9,Boş,16 Temmuz 2023,Konut,85 M2,2+1,4.Kat,Merkezi Doğalgaz,295.000TL,Kayseri - Kocasinan - Ahi Evran Mahallesi,,
354,13570748,16 Temmuz 2023,Satılık,100 M2,0 (Yeni),9,Boş,16 Temmuz 2023,Konut,80 M2,2+1,4.Kat,Kombi Doğalgaz,1.345.000TL,Kayseri - Kocasinan - Şeker Mahallesi,,
355,13570531,15 Temmuz 2023,Satılık,105 M2,11-15,5,Boş,15 Temmuz 2023,Konut,90 M2,2+1,3.Kat,Kombi Doğalgaz,1.100.000TL,Kayseri - Kocasinan - Yavuz Selim Mahallesi,,
356,13568576,29 Temmuz 2023,Satılık,200 M2,1,13,Mülk Sahibi Oturuyor,15 Temmuz 2023,Konut,180 M2,3+1,13.Kat,Merkezi Doğalgaz,2.100.000TL,Kayseri - Kocasinan - Hoca Ahmet Yesevi Mahallesi,,
357,13567861,15 Temmuz 2023,Satılık,165 M2,5-10,10,Mülk Sahibi Oturuyor,15 Temmuz 2023,Konut,125 M2,3+1,4.Kat,Merkezi Doğalgaz,1.580.000TL,Kayseri - Kocasinan - Ahi Evran Mahallesi,,
358,13561560,24 Temmuz 2023,Satılık,165 M2,21 Ve Üzeri,2,Mülk Sahibi Oturuyor,14 Temmuz 2023,Konut,150 M2,3+1,Bahçe Katı,Sobalı,1.725.000TL,Kayseri - Kocasinan - Saraycık Mahallesi,Krediye Uygun Değil,
359,13561470,17 Temmuz 2023,Satılık,165 M2,4,12,Mülk Sahibi Oturuyor,14 Temmuz 2023,Konut,135 M2,3+1,5.Kat,Merkezi Doğalgaz,1.650.000TLarrow_downward%90,Kayseri - Kocasinan - Erkilet Mahallesi,,
360,13561352,14 Temmuz 2023,Satılık,645 M2,21 Ve Üzeri,1,Boş,14 Temmuz 2023,Konut,640 M2,1+1,Düz Giriş,Sobalı,945.000TL,Kayseri - Kocasinan - Saraycık Mahallesi,Krediye Uygun Değil,
361,13559948,18 Temmuz 2023,Satılık,150 M2,5-10,9,Kiracı Oturuyor,13 Temmuz 2023,Konut,130 M2,3+1,8.Kat,Merkezi Doğalgaz,1.350.000TL,Kayseri - Kocasinan - Ahi Evran Mahallesi,,
362,13559559,25 Temmuz 2023,Satılık,125 M2,1,14,Boş,13 Temmuz 2023,Konut,100 M2,2.5+1,8.Kat,Merkezi (Pay Ölçer),1.750.000TL,Kayseri - Kocasinan - Ziyagökalp Mahallesi,Bilinmiyor,
363,13559042,24 Temmuz 2023,Satılık,185 M2,2,14,Boş,13 Temmuz 2023,Konut,145 M2,3.5+1,7.Kat,Merkezi (Pay Ölçer),2.295.000TL,Kayseri - Kocasinan - Beyazşehir Mahallesi,,
364,13558068,13 Temmuz 2023,Satılık,150 M2,1,12,Mülk Sahibi Oturuyor,13 Temmuz 2023,Konut,130 M2,3+1,8.Kat,Merkezi (Pay Ölçer),1.440.000TL,Kayseri - Kocasinan - Beyazşehir Mahallesi,,
365,13554926,23 Temmuz 2023,Satılık,300 M2,21 Ve Üzeri,1,Kiracı Oturuyor,13 Temmuz 2023,Konut,165 M2,3.5+1,Müstakil.Kat,Sobalı,1.000.020TL,Kayseri - Kocasinan - Sancaktepe Mahallesi,,
366,13554363,13 Temmuz 2023,Satılık,175 M2,1,10,Boş,13 Temmuz 2023,Konut,138 M2,3+1,2.Kat,Merkezi (Pay Ölçer),1.755.000TL,Kayseri - Kocasinan - Hoca Ahmet Yesevi Mahallesi,,
367,13550322,25 Temmuz 2023,Satılık,190 M2,11-15,7,Boş,12 Temmuz 2023,Konut,160 M2,4+1,5.Kat,Merkezi Doğalgaz,1.350.000TL,Kayseri - Kocasinan - Sahabiye Mahallesi,,
368,13549712,29 Temmuz 2023,Satılık,165 M2,0 (Yeni),10,Boş,12 Temmuz 2023,Konut,125 M2,3+1,8.Kat,Merkezi (Pay Ölçer),2.050.000TL,Kayseri - Kocasinan - Mithatpaşa Mahallesi,Krediye Uygun Değil,
369,13549606,29 Temmuz 2023,Satılık,165 M2,5-10,8,Mülk Sahibi Oturuyor,12 Temmuz 2023,Konut,140 M2,3+1,8.Kat,Merkezi (Pay Ölçer),1.675.000TL,Kayseri - Kocasinan - Argıncık Mahallesi,,
370,13585413,20 Temmuz 2023,Satılık,175 M2,0 (Yeni),12,Boş,19 Temmuz 2023,Konut,135 M2,3+1,2.Kat,Merkezi Doğalgaz,1.700.000TL,Kayseri - Kocasinan - Ertuğrul Gazi Mahallesi,Bilinmiyor,
371,13585387,19 Temmuz 2023,Satılık,135 M2,0 (Yeni),15,Boş,19 Temmuz 2023,Konut,110 M2,3+1,8.Kat,Merkezi (Pay Ölçer),2.100.000TL,Kayseri - Kocasinan - Sahabiye Mahallesi,Krediye Uygun Değil,
372,13585377,19 Temmuz 2023,Satılık,205 M2,21 Ve Üzeri,15,Mülk Sahibi Oturuyor,19 Temmuz 2023,Konut,170 M2,4+1,6.Kat,Merkezi (Pay Ölçer),2.480.000TL,Kayseri - Kocasinan - Yakut Mahallesi,Krediye Uygun Değil,
373,13583809,18 Temmuz 2023,Satılık,185 M2,5-10,12,Mülk Sahibi Oturuyor,18 Temmuz 2023,Konut,145 M2,3+1,9.Kat,Merkezi (Pay Ölçer),1.325.000TL,Kayseri - Kocasinan - Beyazşehir Mahallesi,Krediye Uygun Değil,
374,13580320,18 Temmuz 2023,Satılık,120 M2,0 (Yeni),12,Boş,18 Temmuz 2023,Konut,110 M2,2+1,5.Kat,Merkezi (Pay Ölçer),300.000TL,Kayseri - Kocasinan - Ahi Evran Mahallesi,Bilinmiyor,
375,13577332,17 Temmuz 2023,Satılık,180 M2,5-10,8,Kiracı Oturuyor,17 Temmuz 2023,Konut,150 M2,3+1,1.Kat,Merkezi Doğalgaz,1.550.000TL,Kayseri - Kocasinan - Sancaktepe Mahallesi,,
376,13571507,16 Temmuz 2023,Satılık,110 M2,0 (Yeni),9,Boş,16 Temmuz 2023,Konut,85 M2,2+1,4.Kat,Merkezi Doğalgaz,295.000TL,Kayseri - Kocasinan - Ahi Evran Mahallesi,,
377,13570748,16 Temmuz 2023,Satılık,100 M2,0 (Yeni),9,Boş,16 Temmuz 2023,Konut,80 M2,2+1,4.Kat,Kombi Doğalgaz,1.345.000TL,Kayseri - Kocasinan - Şeker Mahallesi,,
378,13570531,15 Temmuz 2023,Satılık,105 M2,11-15,5,Boş,15 Temmuz 2023,Konut,90 M2,2+1,3.Kat,Kombi Doğalgaz,1.100.000TL,Kayseri - Kocasinan - Yavuz Selim Mahallesi,,
379,13568576,29 Temmuz 2023,Satılık,200 M2,1,13,Mülk Sahibi Oturuyor,15 Temmuz 2023,Konut,180 M2,3+1,13.Kat,Merkezi Doğalgaz,2.100.000TL,Kayseri - Kocasinan - Hoca Ahmet Yesevi Mahallesi,,
380,13567861,15 Temmuz 2023,Satılık,165 M2,5-10,10,Mülk Sahibi Oturuyor,15 Temmuz 2023,Konut,125 M2,3+1,4.Kat,Merkezi Doğalgaz,1.580.000TL,Kayseri - Kocasinan - Ahi Evran Mahallesi,,
381,13561560,24 Temmuz 2023,Satılık,165 M2,21 Ve Üzeri,2,Mülk Sahibi Oturuyor,14 Temmuz 2023,Konut,150 M2,3+1,Bahçe Katı,Sobalı,1.725.000TL,Kayseri - Kocasinan - Saraycık Mahallesi,Krediye Uygun Değil,
382,13561470,17 Temmuz 2023,Satılık,165 M2,4,12,Mülk Sahibi Oturuyor,14 Temmuz 2023,Konut,135 M2,3+1,5.Kat,Merkezi Doğalgaz,1.650.000TLarrow_downward%90,Kayseri - Kocasinan - Erkilet Mahallesi,,
383,13561352,14 Temmuz 2023,Satılık,645 M2,21 Ve Üzeri,1,Boş,14 Temmuz 2023,Konut,640 M2,1+1,Düz Giriş,Sobalı,945.000TL,Kayseri - Kocasinan - Saraycık Mahallesi,Krediye Uygun Değil,
384,13559948,18 Temmuz 2023,Satılık,150 M2,5-10,9,Kiracı Oturuyor,13 Temmuz 2023,Konut,130 M2,3+1,8.Kat,Merkezi Doğalgaz,1.350.000TL,Kayseri - Kocasinan - Ahi Evran Mahallesi,,
385,13559559,25 Temmuz 2023,Satılık,125 M2,1,14,Boş,13 Temmuz 2023,Konut,100 M2,2.5+1,8.Kat,Merkezi (Pay Ölçer),1.750.000TL,Kayseri - Kocasinan - Ziyagökalp Mahallesi,Bilinmiyor,
386,13559042,24 Temmuz 2023,Satılık,185 M2,2,14,Boş,13 Temmuz 2023,Konut,145 M2,3.5+1,7.Kat,Merkezi (Pay Ölçer),2.295.000TL,Kayseri - Kocasinan - Beyazşehir Mahallesi,,
387,13558068,13 Temmuz 2023,Satılık,150 M2,1,12,Mülk Sahibi Oturuyor,13 Temmuz 2023,Konut,130 M2,3+1,8.Kat,Merkezi (Pay Ölçer),1.440.000TL,Kayseri - Kocasinan - Beyazşehir Mahallesi,,
388,13554926,23 Temmuz 2023,Satılık,300 M2,21 Ve Üzeri,1,Kiracı Oturuyor,13 Temmuz 2023,Konut,165 M2,3.5+1,Müstakil.Kat,Sobalı,1.000.020TL,Kayseri - Kocasinan - Sancaktepe Mahallesi,,
389,13554363,13 Temmuz 2023,Satılık,175 M2,1,10,Boş,13 Temmuz 2023,Konut,138 M2,3+1,2.Kat,Merkezi (Pay Ölçer),1.755.000TL,Kayseri - Kocasinan - Hoca Ahmet Yesevi Mahallesi,,
390,13550322,25 Temmuz 2023,Satılık,190 M2,11-15,7,Boş,12 Temmuz 2023,Konut,160 M2,4+1,5.Kat,Merkezi Doğalgaz,1.350.000TL,Kayseri - Kocasinan - Sahabiye Mahallesi,,
391,13549712,29 Temmuz 2023,Satılık,165 M2,0 (Yeni),10,Boş,12 Temmuz 2023,Konut,125 M2,3+1,8.Kat,Merkezi (Pay Ölçer),2.050.000TL,Kayseri - Kocasinan - Mithatpaşa Mahallesi,Krediye Uygun Değil,
392,13549606,29 Temmuz 2023,Satılık,165 M2,5-10,8,Mülk Sahibi Oturuyor,12 Temmuz 2023,Konut,140 M2,3+1,8.Kat,Merkezi (Pay Ölçer),1.675.000TL,Kayseri - Kocasinan - Argıncık Mahallesi,,
