,İlan Numarası,İlan Güncelleme Tarihi,Kategorisi,Brüt Metrekare,Binanın Yaşı,Binanın Kat Sayısı,Kullanım Durumu,İlan Oluşturma Tarihi,Türü,Net Metrekare,Oda Sayısı,Bulunduğu Kat,Isıtma Tipi,House Price,House Location,Krediye Uygunluk
0,13639733,28 Temmuz 2023,Satılık,165 M2,5-10,12,Mülk Sahibi Oturuyor,28 Temmuz 2023,Konut,135 M2,3+1,10.Kat,Kombi Doğalgaz,1.770.000TL,Kayseri - Melikgazi - Aydınlıkevler Mahallesi,
1,13639330,28 Temmuz 2023,Satılık,165 M2,11-15,12,Boş,28 Temmuz 2023,Konut,130 M2,3+1,6.Kat,Merkezi Doğalgaz,1.380.000TL,Kayseri - Melikgazi - Osman Kavuncu Mahallesi,
2,13639289,28 Temmuz 2023,Satılık,165 M2,0 (Yeni),9,Boş,28 Temmuz 2023,Konut,120 M2,3+1,3.Kat,Kombi Doğalgaz,2.000.000TL,Kayseri - Melikgazi - Aydınlıkevler Mahallesi,
3,13638179,28 Temmuz 2023,Satılık,150 M2,11-15,7,Boş,28 Temmuz 2023,Konut,130 M2,3+1,7.Kat,Merkezi (Pay Ölçer),1.280.000TL,Kayseri - Melikgazi - Bahçelievler Mahallesi,
4,13638101,28 Temmuz 2023,Satılık,175 M2,5-10,13,Mülk Sahibi Oturuyor,28 Temmuz 2023,Konut,135 M2,3+1,12.Kat,Merkezi (Pay Ölçer),1.600.000TL,Kayseri - Melikgazi - Bahçelievler Mahallesi,
5,13637546,28 Temmuz 2023,Satılık,150 M2,5-10,8,Mülk Sahibi Oturuyor,28 Temmuz 2023,Konut,120 M2,3+1,4.Kat,Merkezi Doğalgaz,1.600.000TL,Kayseri - Melikgazi - Kazımkarabekir Mahallesi,
6,13636784,28 Temmuz 2023,Satılık,195 M2,11-15,7,Mülk Sahibi Oturuyor,28 Temmuz 2023,Konut,175 M2,3+1,3.Kat,Merkezi Doğalgaz,2.100.000TL,Kayseri - Melikgazi - Gülük Mahallesi,
7,13636501,28 Temmuz 2023,Satılık,110 M2,5-10,9,Mülk Sahibi Oturuyor,28 Temmuz 2023,Konut,70 M2,1+1,6.Kat,Kombi Doğalgaz,755.000TL,Kayseri - Melikgazi - Selçuklu Mahallesi,
8,13639170,28 Temmuz 2023,Satılık,304 M2,16-20,1,Kiracı Oturuyor,28 Temmuz 2023,Konut,85 M2,2+1,Bahçe Katı,Sobalı,1.450.000TL,Kayseri - Melikgazi - Fatih Mahallesi,
9,13639148,28 Temmuz 2023,Satılık,120 M2,0 (Yeni),13,Boş,28 Temmuz 2023,Konut,100 M2,2+1,1.Kat,Merkezi Doğalgaz,1.400.000TL,Kayseri - Melikgazi - Gesi Fatih Mahallesi,
10,13639048,28 Temmuz 2023,Satılık,150 M2,5-10,14,Boş,28 Temmuz 2023,Konut,110 M2,3+1,5.Kat,Kombi Doğalgaz,1.500.000TL,Kayseri - Melikgazi - Şirintepe Mahallesi,
11,13638576,28 Temmuz 2023,Satılık,175 M2,11-15,14,Boş,28 Temmuz 2023,Konut,130 M2,3+1,13.Kat,Merkezi Doğalgaz,2.150.000TL,Kayseri - Melikgazi - Yıldırım Beyazıt Mahallesi,
12,13636783,28 Temmuz 2023,Satılık,175 M2,16-20,8,Boş,28 Temmuz 2023,Konut,155 M2,3+1,3.Kat,Kombi Doğalgaz,1.499.000TL,Kayseri - Melikgazi - Esenyurt Mahallesi,
13,13636666,29 Temmuz 2023,Satılık,200 M2,11-15,14,Boş,28 Temmuz 2023,Konut,160 M2,3+1,12.Kat,Merkezi (Pay Ölçer),3.225.000TL,Kayseri - Melikgazi - Köşk Mahallesi,
14,13629910,27 Temmuz 2023,Satılık,140 M2,21 Ve Üzeri,2,Boş,27 Temmuz 2023,Konut,120 M2,4+0,Düz Giriş,Sobalı,220.000TL,Kayseri - Melikgazi - Gürpınar Mahallesi,
15,13626930,28 Temmuz 2023,Satılık,175 M2,0 (Yeni),10,Boş,26 Temmuz 2023,Konut,150 M2,3+1,5.Kat,Merkezi (Pay Ölçer),1.875.000TL,Kayseri - Melikgazi - Gesi Fatih Mahallesi,
16,13625950,30 Temmuz 2023,Satılık,175 M2,0 (Yeni),8,Boş,26 Temmuz 2023,Konut,135 M2,3+1,3.Kat,Kombi Doğalgaz,1.590.000TL,Kayseri - Melikgazi - Şirintepe Mahallesi,
17,13619060,25 Temmuz 2023,Satılık,275 M2,0 (Yeni),2,Boş,25 Temmuz 2023,Konut,265 M2,5+1,Düz Giriş,Yerden Isıtma,12.750.000TL,Kayseri - Melikgazi - Becen Mahallesi,Krediye Uygun Değil
18,13618767,27 Temmuz 2023,Satılık,110 M2,21 Ve Üzeri,10,Kiracı Oturuyor,25 Temmuz 2023,Konut,100 M2,3+1,2.Kat,Kombi Doğalgaz,1.250.000TL,Kayseri - Melikgazi - Selimiye Mahallesi,
19,13617413,29 Temmuz 2023,Satılık,100 M2,16-20,4,Kiracı Oturuyor,25 Temmuz 2023,Konut,85 M2,2+1,4.Kat,Kombi Doğalgaz,900.000TL,Kayseri - Melikgazi - Gesi Fatih Mahallesi,
20,13617362,27 Temmuz 2023,Satılık,185 M2,0 (Yeni),12,Boş,25 Temmuz 2023,Konut,132 M2,3+1,5.Kat,Merkezi (Pay Ölçer),1.900.000TL,Kayseri - Melikgazi - Yeşilyurt Mahallesi,
21,13616794,25 Temmuz 2023,Satılık,185 M2,0 (Yeni),7,Boş,25 Temmuz 2023,Konut,145 M2,3.5+1,6.Kat,Merkezi (Pay Ölçer),3.500.000TL,Kayseri - Melikgazi - Germir Mahallesi,
22,13616340,24 Temmuz 2023,Satılık,185 M2,5-10,3,Kiracı Oturuyor,24 Temmuz 2023,Konut,140 M2,3+1,2.Kat,Kombi Doğalgaz,1.635.000TL,Kayseri - Melikgazi - Sakarya Mahallesi,
23,13626930,28 Temmuz 2023,Satılık,175 M2,0 (Yeni),10,Boş,26 Temmuz 2023,Konut,150 M2,3+1,5.Kat,Merkezi (Pay Ölçer),1.875.000TL,Kayseri - Melikgazi - Gesi Fatih Mahallesi,
24,13625950,30 Temmuz 2023,Satılık,175 M2,0 (Yeni),8,Boş,26 Temmuz 2023,Konut,135 M2,3+1,3.Kat,Kombi Doğalgaz,1.590.000TL,Kayseri - Melikgazi - Şirintepe Mahallesi,
25,13599600,21 Temmuz 2023,Satılık,175 M2,0 (Yeni),12,Boş,21 Temmuz 2023,Konut,145 M2,3+1,5.Kat,Merkezi (Pay Ölçer),1.850.000TL,Kayseri - Melikgazi - Yeşilyurt Mahallesi,
26,13598428,26 Temmuz 2023,Satılık,175 M2,2,14,Mülk Sahibi Oturuyor,21 Temmuz 2023,Konut,135 M2,3+1,8.Kat,Merkezi (Pay Ölçer),2.075.000TL,Kayseri - Melikgazi - Bahçelievler Mahallesi,
27,13598293,28 Temmuz 2023,Satılık,120 M2,21 Ve Üzeri,3,Kiracı Oturuyor,21 Temmuz 2023,Konut,100 M2,2+1,1.Kat,Kombi Doğalgaz,1.250.000TL,Kayseri - Melikgazi - Aydınlıkevler Mahallesi,
28,13596990,27 Temmuz 2023,Satılık,175 M2,0 (Yeni),12,Boş,21 Temmuz 2023,Konut,135 M2,3+1,6.Kat,Merkezi (Pay Ölçer),1.850.000TL,Kayseri - Melikgazi - Tavlusun Mahallesi,
29,13596355,20 Temmuz 2023,Satılık,145 M2,21 Ve Üzeri,10,Boş,20 Temmuz 2023,Konut,127 M2,3+1,Yüksek Giriş,Merkezi Doğalgaz,1.045.000TL,Kayseri - Melikgazi - Kocatepe Mahallesi,
30,13596009,20 Temmuz 2023,Satılık,395 M2,5-10,13,Mülk Sahibi Oturuyor,20 Temmuz 2023,Konut,315 M2,5+1,13.Kat,Kombi Doğalgaz,4.950.000TL,Kayseri - Melikgazi - Germir Mahallesi,
31,13596007,20 Temmuz 2023,Satılık,550 M2,0 (Yeni),2,Boş,20 Temmuz 2023,Konut,200 M2,3+1,Düz Giriş,Kombi Doğalgaz,7.750.000TL,Kayseri - Melikgazi - Becen Mahallesi,
32,13595832,30 Temmuz 2023,Satılık,135 M2,1,14,Kiracı Oturuyor,20 Temmuz 2023,Konut,110 M2,2+1,8.Kat,Merkezi (Pay Ölçer),1.460.000TL,Kayseri - Melikgazi - Bahçelievler Mahallesi,
33,13595426,30 Temmuz 2023,Satılık,165 M2,5-10,14,Boş,20 Temmuz 2023,Konut,145 M2,3+1,13.Kat,Merkezi Doğalgaz,1.485.000TL,Kayseri - Melikgazi - Gesi Fatih Mahallesi,
34,13582713,18 Temmuz 2023,Satılık,110 M2,5-10,11,Boş,18 Temmuz 2023,Konut,90 M2,2.5+1,8.Kat,Merkezi Doğalgaz,1.295.000TL,Kayseri - Melikgazi - Kazımkarabekir Mahallesi,
35,13580283,19 Temmuz 2023,Satılık,145 M2,11-15,10,Boş,18 Temmuz 2023,Konut,125 M2,3+1,9.Kat,Merkezi Doğalgaz,1.190.000TL,Kayseri - Melikgazi - Tınaztepe Mahallesi,
36,13579777,20 Temmuz 2023,Satılık,175 M2,5-10,12,Mülk Sahibi Oturuyor,18 Temmuz 2023,Konut,140 M2,3+1,6.Kat,Merkezi Doğalgaz,1.620.000TL,Kayseri - Melikgazi - Gesi Fatih Mahallesi,
37,13579430,29 Temmuz 2023,Satılık,165 M2,4,11,Boş,18 Temmuz 2023,Konut,130 M2,3+1,10.Kat,Merkezi Doğalgaz,1.650.000TL,Kayseri - Melikgazi - Bahçelievler Mahallesi,
38,13579258,29 Temmuz 2023,Satılık,165 M2,16-20,6,Kiracı Oturuyor,18 Temmuz 2023,Konut,135 M2,3+1,5.Kat,Merkezi (Pay Ölçer),1.275.000TL,Kayseri - Melikgazi - Esentepe Mahallesi,
39,13579220,29 Temmuz 2023,Satılık,165 M2,21 Ve Üzeri,4,Mülk Sahibi Oturuyor,18 Temmuz 2023,Konut,135 M2,3+1,4.Kat,Merkezi Doğalgaz,1.350.000TL,Kayseri - Melikgazi - Osman Kavuncu Mahallesi,
40,13595832,30 Temmuz 2023,Satılık,135 M2,1,14,Kiracı Oturuyor,20 Temmuz 2023,Konut,110 M2,2+1,8.Kat,Merkezi (Pay Ölçer),1.460.000TL,Kayseri - Melikgazi - Bahçelievler Mahallesi,
41,13595426,30 Temmuz 2023,Satılık,165 M2,5-10,14,Boş,20 Temmuz 2023,Konut,145 M2,3+1,13.Kat,Merkezi Doğalgaz,1.485.000TL,Kayseri - Melikgazi - Gesi Fatih Mahallesi,
42,13561223,17 Temmuz 2023,Satılık,285 M2,3,3,Mülk Sahibi Oturuyor,14 Temmuz 2023,Konut,200 M2,9+ Oda,3.Kat,Kombi Doğalgaz,15.000.000TLarrow_downward%6,Kayseri - Melikgazi - Erenköy Mahallesi,
43,13561152,14 Temmuz 2023,Satılık,240 M2,0 (Yeni),3,Boş,14 Temmuz 2023,Konut,185 M2,5+1,Müstakil.Kat,Kombi Doğalgaz,6.500.000TL,Kayseri - Melikgazi - Eğribucak Mahallesi,
44,13560572,14 Temmuz 2023,Satılık,175 M2,0 (Yeni),9,Boş,14 Temmuz 2023,Konut,145 M2,3+1,2.Kat,Merkezi (Pay Ölçer),2.550.000TL,Kayseri - Melikgazi - Altınoluk Mahallesi,
45,13559570,19 Temmuz 2023,Satılık,230 M2,3,4,Boş,13 Temmuz 2023,Konut,200 M2,4+1,4.Kat,Merkezi (Pay Ölçer),2.350.000TL,Kayseri - Melikgazi - Yeşilyurt Mahallesi,Krediye Uygun Değil
46,13558912,29 Temmuz 2023,Satılık,85 M2,11-15,6,Mülk Sahibi Oturuyor,13 Temmuz 2023,Konut,80 M2,2+1,3.Kat,Kombi Doğalgaz,1.065.000TL,Kayseri - Melikgazi - Demokrasi Mahallesi,
47,13558567,13 Temmuz 2023,Satılık,180 M2,5-10,8,Kiracı Oturuyor,13 Temmuz 2023,Konut,135 M2,3+1,7.Kat,Kombi Doğalgaz,1.545.000TL,Kayseri - Melikgazi - İldem Cumhuriyet Mahallesi,
48,13595832,30 Temmuz 2023,Satılık,135 M2,1,14,Kiracı Oturuyor,20 Temmuz 2023,Konut,110 M2,2+1,8.Kat,Merkezi (Pay Ölçer),1.460.000TL,Kayseri - Melikgazi - Bahçelievler Mahallesi,
49,13595426,30 Temmuz 2023,Satılık,165 M2,5-10,14,Boş,20 Temmuz 2023,Konut,145 M2,3+1,13.Kat,Merkezi Doğalgaz,1.485.000TL,Kayseri - Melikgazi - Gesi Fatih Mahallesi,
50,13545827,11 Temmuz 2023,Satılık,165 M2,11-15,9,Boş,11 Temmuz 2023,Konut,135 M2,3+1,4.Kat,Merkezi Doğalgaz,1.550.000TL,Kayseri - Melikgazi - İldem Cumhuriyet Mahallesi,
51,13544490,11 Temmuz 2023,Satılık,412 M2,0 (Yeni),1,Boş,11 Temmuz 2023,Konut,411 M2,1 Oda,Bahçe Katı,Sobalı,1.200.000TL,Kayseri - Melikgazi - Gesi Mahallesi,
52,13544331,20 Temmuz 2023,Satılık,155 M2,3,12,Boş,11 Temmuz 2023,Konut,110 M2,3+1,10.Kat,Merkezi (Pay Ölçer),1.850.000TL,Kayseri - Melikgazi - Kazımkarabekir Mahallesi,Krediye Uygun Değil
53,13542435,11 Temmuz 2023,Satılık,550 M2,5-10,3,Boş,10 Temmuz 2023,Konut,250 M2,6+1,Düz Giriş,Kombi Doğalgaz,7.000.000TL,Kayseri - Melikgazi - Becen Mahallesi,
54,13542432,18 Temmuz 2023,Satılık,520 M2,5-10,3,Kiracı Oturuyor,10 Temmuz 2023,Konut,480 M2,2+1,Düz Giriş,Sobalı,2.200.000TL,Kayseri - Melikgazi - Selçuklu Mahallesi,
55,13542114,10 Temmuz 2023,Satılık,185 M2,11-15,11,Mülk Sahibi Oturuyor,10 Temmuz 2023,Konut,145 M2,3+1,7.Kat,Merkezi Doğalgaz,2.950.000TL,Kayseri - Melikgazi - Köşk Mahallesi,
56,13595832,30 Temmuz 2023,Satılık,135 M2,1,14,Kiracı Oturuyor,20 Temmuz 2023,Konut,110 M2,2+1,8.Kat,Merkezi (Pay Ölçer),1.460.000TL,Kayseri - Melikgazi - Bahçelievler Mahallesi,
57,13595426,30 Temmuz 2023,Satılık,165 M2,5-10,14,Boş,20 Temmuz 2023,Konut,145 M2,3+1,13.Kat,Merkezi Doğalgaz,1.485.000TL,Kayseri - Melikgazi - Gesi Fatih Mahallesi,
58,13532645,11 Temmuz 2023,Satılık,360 M2,0 (Yeni),3,Boş,09 Temmuz 2023,Konut,359 M2,7+2,Düz Giriş,Kombi Doğalgaz,6.500.000TL,Kayseri - Melikgazi - Sarımsaklı Mahallesi,
59,13530582,29 Temmuz 2023,Satılık,185 M2,5-10,2,Boş,08 Temmuz 2023,Konut,140 M2,1 Oda,Düz Giriş,Isıtma Yok,1.950.000TL,Kayseri - Melikgazi - Bahçelievler Mahallesi,Bilinmiyor
60,13530581,29 Temmuz 2023,Satılık,180 M2,5-10,2,Boş,08 Temmuz 2023,Konut,140 M2,1 Oda,Düz Giriş,Isıtma Yok,2.150.000TL,Kayseri - Melikgazi - Gesi Fatih Mahallesi,Bilinmiyor
61,13529449,08 Temmuz 2023,Satılık,200 M2,5-10,12,Boş,08 Temmuz 2023,Konut,175 M2,4+1,1.Kat,Merkezi Doğalgaz,2.590.000TL,Kayseri - Melikgazi - Yıldırım Beyazıt Mahallesi,
62,13529090,08 Temmuz 2023,Satılık,165 M2,2,14,Kiracı Oturuyor,08 Temmuz 2023,Konut,145 M2,3+1,3.Kat,Merkezi (Pay Ölçer),3.400.000TL,Kayseri - Melikgazi - Köşk Mahallesi,
63,13528522,08 Temmuz 2023,Satılık,135 M2,0 (Yeni),10,Boş,08 Temmuz 2023,Konut,115 M2,2+1,3.Kat,Merkezi (Pay Ölçer),1.850.000TL,Kayseri - Melikgazi - Yeşilyurt Mahallesi,
64,13595832,30 Temmuz 2023,Satılık,135 M2,1,14,Kiracı Oturuyor,20 Temmuz 2023,Konut,110 M2,2+1,8.Kat,Merkezi (Pay Ölçer),1.460.000TL,Kayseri - Melikgazi - Bahçelievler Mahallesi,
65,13595426,30 Temmuz 2023,Satılık,165 M2,5-10,14,Boş,20 Temmuz 2023,Konut,145 M2,3+1,13.Kat,Merkezi Doğalgaz,1.485.000TL,Kayseri - Melikgazi - Gesi Fatih Mahallesi,
66,13514084,24 Temmuz 2023,Satılık,175 M2,0 (Yeni),11,Boş,06 Temmuz 2023,Konut,155 M2,3+1,2.Kat,Merkezi (Pay Ölçer),1.950.000TLarrow_downward%100,Kayseri - Melikgazi - Tınaztepe Mahallesi,
67,13513723,06 Temmuz 2023,Satılık,165 M2,5-10,15,Boş,06 Temmuz 2023,Konut,135 M2,3+1,7.Kat,Merkezi (Pay Ölçer),2.000.000TL,Kayseri - Melikgazi - Hürriyet Mahallesi,
68,13513674,29 Temmuz 2023,Satılık,180 M2,0 (Yeni),15,Boş,06 Temmuz 2023,Konut,140 M2,3+1,4.Kat,Merkezi (Pay Ölçer),1.850.000TL,Kayseri - Melikgazi - Yeşilyurt Mahallesi,
69,13512731,30 Temmuz 2023,Satılık,175 M2,5-10,12,Kiracı Oturuyor,05 Temmuz 2023,Konut,155 M2,3+1,6.Kat,Merkezi Doğalgaz,2.525.000TLarrow_downward%3,Kayseri - Melikgazi - Köşk Mahallesi,
70,13510671,05 Temmuz 2023,Satılık,170 M2,0 (Yeni),13,Boş,05 Temmuz 2023,Konut,130 M2,3+1,5.Kat,Merkezi Doğalgaz,1.650.000TL,Kayseri - Melikgazi - İldem Cumhuriyet Mahallesi,
71,13509360,14 Temmuz 2023,Satılık,165 M2,11-15,10,Boş,05 Temmuz 2023,Konut,135 M2,3+1,5.Kat,Kombi Doğalgaz,1.590.000TL,Kayseri - Melikgazi - Esenyurt Mahallesi,
72,13508946,20 Temmuz 2023,Satılık,175 M2,5-10,11,Boş,05 Temmuz 2023,Konut,150 M2,3+1,7.Kat,Kombi Doğalgaz,1.645.000TLarrow_downward%2,Kayseri - Melikgazi - Tacettin Veli Mahallesi,
73,13504866,27 Temmuz 2023,Satılık,140 M2,3,7,Kiracı Oturuyor,04 Temmuz 2023,Konut,115 M2,3+1,2.Kat,Kombi Doğalgaz,1.750.000TL,Kayseri - Melikgazi - Gülük Mahallesi,
74,13501530,29 Temmuz 2023,Satılık,99 M2,5-10,6,Mülk Sahibi Oturuyor,03 Temmuz 2023,Konut,85 M2,2+1,2.Kat,Merkezi Doğalgaz,1.050.000TL,Kayseri - Melikgazi - Demokrasi Mahallesi,
75,13483817,26 Haziran 2023,Satılık,195 M2,0 (Yeni),2,Boş,26 Haziran 2023,Konut,165 M2,5+1,Villa Tipi,Kombi Doğalgaz,9.100.000TL,Kayseri - Melikgazi - Becen Mahallesi,
76,13483800,26 Haziran 2023,Satılık,195 M2,0 (Yeni),2,Boş,26 Haziran 2023,Konut,165 M2,5+1,Villa Tipi,Kombi Doğalgaz,9.050.000TL,Kayseri - Melikgazi - Becen Mahallesi,
77,13483788,26 Haziran 2023,Satılık,195 M2,0 (Yeni),2,Boş,26 Haziran 2023,Konut,165 M2,5+1,Villa Tipi,Kombi Doğalgaz,9.000.000TL,Kayseri - Melikgazi - Becen Mahallesi,
78,13483670,29 Temmuz 2023,Satılık,140 M2,21 Ve Üzeri,3,Kiracı Oturuyor,26 Haziran 2023,Konut,130 M2,3+1,3.Kat,Kombi Doğalgaz,1.250.000TL,Kayseri - Melikgazi - Keykubat Mahallesi,
79,13483291,19 Temmuz 2023,Satılık,425 M2,0 (Yeni),2,Boş,26 Haziran 2023,Konut,220 M2,4+1,Düz Giriş,Kombi Doğalgaz,5.950.000TL,Kayseri - Melikgazi - Gesi Fatih Mahallesi,
80,13483287,14 Temmuz 2023,Satılık,95 M2,5-10,3,Mülk Sahibi Oturuyor,26 Haziran 2023,Konut,65 M2,2+1,Yüksek Giriş,Merkezi Doğalgaz,840.000TL,Kayseri - Melikgazi - Demokrasi Mahallesi,
81,13482181,25 Temmuz 2023,Satılık,165 M2,5-10,10,Kiracı Oturuyor,26 Haziran 2023,Konut,130 M2,3+1,1.Kat,Merkezi Doğalgaz,1.185.000TL,Kayseri - Melikgazi - Germir Mahallesi,
82,13481471,26 Haziran 2023,Satılık,320 M2,5-10,12,Boş,26 Haziran 2023,Konut,319 M2,5+3,12.Kat,Merkezi (Pay Ölçer),4.700.000TL,Kayseri - Melikgazi - Alpaslan Mahallesi,
83,13481239,25 Haziran 2023,Satılık,175 M2,11-15,14,Kiracı Oturuyor,25 Haziran 2023,Konut,135 M2,3+1,2.Kat,Kombi Doğalgaz,1.400.000TL,Kayseri - Melikgazi - 30 Ağustos Mahallesi,Krediye Uygun Değil
84,13463613,22 Haziran 2023,Satılık,185 M2,2,14,Kiracı Oturuyor,22 Haziran 2023,Konut,145 M2,3.5+1,1.Kat,Merkezi (Pay Ölçer),1.510.000TL,Kayseri - Melikgazi - Gesi Fatih Mahallesi,
85,13463514,28 Temmuz 2023,Satılık,175 M2,0 (Yeni),6,Boş,22 Haziran 2023,Konut,135 M2,3+1,3.Kat,Kombi Doğalgaz,1.850.000TL,Kayseri - Melikgazi - Demokrasi Mahallesi,
86,13462777,22 Haziran 2023,Satılık,130 M2,16-20,4,Kiracı Oturuyor,22 Haziran 2023,Konut,100 M2,3+1,2.Kat,Kombi Doğalgaz,995.000TL,Kayseri - Melikgazi - Tınaztepe Mahallesi,
87,13461774,22 Haziran 2023,Satılık,200 M2,0 (Yeni),2,Boş,22 Haziran 2023,Konut,150 M2,4+1,Düz Giriş,Kombi Doğalgaz,6.100.000TL,Kayseri - Melikgazi - Gesi Fatih Mahallesi,
88,13460963,22 Haziran 2023,Satılık,250 M2,2,2,Mülk Sahibi Oturuyor,21 Haziran 2023,Konut,200 M2,5+1,Düz Giriş,Kombi Doğalgaz,6.799.000TL,Kayseri - Melikgazi - Gesi Fatih Mahallesi,
89,13460959,18 Temmuz 2023,Satılık,500 M2,5-10,2,Mülk Sahibi Oturuyor,21 Haziran 2023,Konut,190 M2,3+2,Düz Giriş,Kombi Doğalgaz,7.750.000TL,Kayseri - Melikgazi - Eğribucak Mahallesi,
90,13459668,21 Haziran 2023,Satılık,230 M2,0 (Yeni),1,Boş,21 Haziran 2023,Konut,180 M2,4+1,Düz Giriş,Kombi Doğalgaz,5.800.000TL,Kayseri - Melikgazi - Gesi Mahallesi,Bilinmiyor
91,13458268,21 Haziran 2023,Satılık,130 M2,11-15,10,Mülk Sahibi Oturuyor,21 Haziran 2023,Konut,110 M2,3+1,5.Kat,Merkezi (Pay Ölçer),1.275.000TL,Kayseri - Melikgazi - Gesi Fatih Mahallesi,Krediye Uygun Değil
92,13457930,21 Haziran 2023,Satılık,165 M2,5-10,3,Mülk Sahibi Oturuyor,21 Haziran 2023,Konut,130 M2,3+1,2.Kat,Kombi Doğalgaz,1.800.000TL,Kayseri - Melikgazi - Gesi Mahallesi,
93,13441889,29 Temmuz 2023,Satılık,55 M2,5-10,3,Boş,18 Haziran 2023,Konut,50 M2,1+1,2.Kat,Kombi Doğalgaz,649.000TL,Kayseri - Melikgazi - Demokrasi Mahallesi,
94,13441888,29 Temmuz 2023,Satılık,185 M2,3,14,Boş,18 Haziran 2023,Konut,180 M2,3+1,7.Kat,Merkezi Doğalgaz,1.800.000TL,Kayseri - Melikgazi - Yeşilyurt Mahallesi,
95,13441300,18 Haziran 2023,Satılık,110 M2,0 (Yeni),7,Boş,18 Haziran 2023,Konut,85 M2,2+1,1.Kat,Merkezi Doğalgaz,1.100.000TL,Kayseri - Melikgazi - Esenyurt Mahallesi,Krediye Uygun Değil
96,13441296,19 Haziran 2023,Satılık,380 M2,5-10,13,Boş,18 Haziran 2023,Konut,315 M2,6+2,13.Kat,Yerden Isıtma,5.950.000TL,Kayseri - Melikgazi - Germir Mahallesi,
97,13440901,29 Temmuz 2023,Satılık,450 M2,11-15,4,Mülk Sahibi Oturuyor,18 Haziran 2023,Konut,440 M2,2+1,Bahçe Dublex,Kombi Doğalgaz,3.150.000TLarrow_downward%90,Kayseri - Melikgazi - Danişmend Gazi Mahallesi,
98,13440238,28 Temmuz 2023,Satılık,280 M2,5-10,13,Kiracı Oturuyor,18 Haziran 2023,Konut,230 M2,4+1,11.Kat,Merkezi Doğalgaz,7.600.000TL,Kayseri - Melikgazi - Köşk Mahallesi,
99,13440042,29 Temmuz 2023,Satılık,250 M2,5-10,11,Boş,18 Haziran 2023,Konut,200 M2,5+2,11.Kat,Kombi Doğalgaz,2.350.000TL,Kayseri - Melikgazi - Altınoluk Mahallesi,
100,13437153,29 Temmuz 2023,Satılık,175 M2,5-10,13,Mülk Sahibi Oturuyor,18 Haziran 2023,Konut,150 M2,3+1,11.Kat,Merkezi (Pay Ölçer),1.535.000TL,Kayseri - Melikgazi - Tacettin Veli Mahallesi,
101,13434471,10 Temmuz 2023,Satılık,100 M2,4,6,Boş,17 Haziran 2023,Konut,85 M2,2+1,4.Kat,Merkezi (Pay Ölçer),1.250.000TL,Kayseri - Melikgazi - Bahçelievler Mahallesi,
102,13421607,15 Haziran 2023,Satılık,160 M2,16-20,11,Boş,15 Haziran 2023,Konut,135 M2,3+1,9.Kat,Merkezi Doğalgaz,1.270.000TL,Kayseri - Melikgazi - 19 Mayıs Mahallesi,
103,13421473,28 Temmuz 2023,Satılık,270 M2,5-10,5,Boş,15 Haziran 2023,Konut,250 M2,4+1,Villa Tipi,Merkezi Doğalgaz,2.350.000TL,Kayseri - Melikgazi - Germir Mahallesi,
104,13419957,21 Temmuz 2023,Satılık,120 M2,1,14,Boş,15 Haziran 2023,Konut,95 M2,2+1,7.Kat,Merkezi Doğalgaz,1.450.000TL,Kayseri - Melikgazi - İldem Cumhuriyet Mahallesi,
105,13418743,16 Haziran 2023,Satılık,165 M2,5-10,13,Kiracı Oturuyor,15 Haziran 2023,Konut,145 M2,3+1,8.Kat,Merkezi Doğalgaz,1.950.000TL,Kayseri - Melikgazi - Yeşilyurt Mahallesi,
106,13417384,10 Temmuz 2023,Satılık,135 M2,0 (Yeni),10,Boş,15 Haziran 2023,Konut,100 M2,2+1,4.Kat,Merkezi (Pay Ölçer),315.000TL,Kayseri - Melikgazi - İldem Cumhuriyet Mahallesi,
107,13417020,26 Temmuz 2023,Satılık,290 M2,0 (Yeni),3,Boş,15 Haziran 2023,Konut,289 M2,6+1,Düz Giriş,Kombi Doğalgaz,10.500.000TL,Kayseri - Melikgazi - Becen Mahallesi,Krediye Uygun Değil
108,13437153,29 Temmuz 2023,Satılık,175 M2,5-10,13,Mülk Sahibi Oturuyor,18 Haziran 2023,Konut,150 M2,3+1,11.Kat,Merkezi (Pay Ölçer),1.535.000TL,Kayseri - Melikgazi - Tacettin Veli Mahallesi,
109,13434471,10 Temmuz 2023,Satılık,100 M2,4,6,Boş,17 Haziran 2023,Konut,85 M2,2+1,4.Kat,Merkezi (Pay Ölçer),1.250.000TL,Kayseri - Melikgazi - Bahçelievler Mahallesi,
110,13412932,14 Haziran 2023,Satılık,135 M2,0 (Yeni),14,Boş,14 Haziran 2023,Konut,112 M2,3+1,4.Kat,Merkezi Doğalgaz,395.000TL,Kayseri - Melikgazi - Yeşilyurt Mahallesi,Krediye Uygun Değil
111,13412528,29 Temmuz 2023,Satılık,100 M2,4,4,Kiracı Oturuyor,14 Haziran 2023,Konut,90 M2,3+1,4.Kat,Merkezi Doğalgaz,2.320.000TL,Kayseri - Melikgazi - Selçuklu Mahallesi,Bilinmiyor
112,13411745,14 Haziran 2023,Satılık,170 M2,5-10,13,Mülk Sahibi Oturuyor,14 Haziran 2023,Konut,150 M2,3+1,8.Kat,Merkezi (Pay Ölçer),1.539.000TL,Kayseri - Melikgazi - Gesi Fatih Mahallesi,
113,13411586,18 Temmuz 2023,Satılık,175 M2,0 (Yeni),7,Boş,14 Haziran 2023,Konut,135 M2,3.5+1,4.Kat,Merkezi (Pay Ölçer),1.840.000TL,Kayseri - Melikgazi - Altınoluk Mahallesi,
114,13409570,14 Temmuz 2023,Satılık,155 M2,21 Ve Üzeri,9,Kiracı Oturuyor,13 Haziran 2023,Konut,130 M2,3+1,Yüksek Giriş,Merkezi Doğalgaz,1.000.000TL,Kayseri - Melikgazi - Kocatepe Mahallesi,
115,13409375,28 Temmuz 2023,Satılık,165 M2,5-10,13,Kiracı Oturuyor,13 Haziran 2023,Konut,135 M2,3+1,8.Kat,Merkezi Doğalgaz,1.475.000TL,Kayseri - Melikgazi - Gesi Fatih Mahallesi,
116,13437153,29 Temmuz 2023,Satılık,175 M2,5-10,13,Mülk Sahibi Oturuyor,18 Haziran 2023,Konut,150 M2,3+1,11.Kat,Merkezi (Pay Ölçer),1.535.000TL,Kayseri - Melikgazi - Tacettin Veli Mahallesi,
117,13434471,10 Temmuz 2023,Satılık,100 M2,4,6,Boş,17 Haziran 2023,Konut,85 M2,2+1,4.Kat,Merkezi (Pay Ölçer),1.250.000TL,Kayseri - Melikgazi - Bahçelievler Mahallesi,
118,13399060,15 Haziran 2023,Satılık,470 M2,0 (Yeni),2,Boş,12 Haziran 2023,Konut,160 M2,3+1,Düz Giriş,Isıtma Yok,980.000TL,Kayseri - Melikgazi - Ağırnas Mahallesi,Krediye Uygun Değil
119,13398221,11 Haziran 2023,Satılık,130 M2,11-15,7,Mülk Sahibi Oturuyor,11 Haziran 2023,Konut,115 M2,3+1,4.Kat,Merkezi Doğalgaz,1.500.000TL,Kayseri - Melikgazi - Demokrasi Mahallesi,
120,13398151,10 Temmuz 2023,Satılık,209 M2,16-20,4,Kiracı Oturuyor,11 Haziran 2023,Konut,100 M2,9+ Oda,4.Kat,Sobalı,2.150.000TL,Kayseri - Melikgazi - Osmanlı Mahallesi,
121,13395789,12 Haziran 2023,Satılık,270 M2,0 (Yeni),3,Boş,11 Haziran 2023,Konut,230 M2,6+2,Düz Giriş,Yerden Isıtma,12.500.000TL,Kayseri - Melikgazi - Erenköy Mahallesi,
122,13392947,26 Temmuz 2023,Satılık,100 M2,0 (Yeni),5,Boş,10 Haziran 2023,Konut,85 M2,2+1,Kot 1 (-1).Kat,Merkezi (Pay Ölçer),1.150.000TL,Kayseri - Melikgazi - Tavlusun Mahallesi,
123,13392937,26 Temmuz 2023,Satılık,140 M2,5-10,12,Mülk Sahibi Oturuyor,10 Haziran 2023,Konut,120 M2,3+1,8.Kat,Merkezi (Pay Ölçer),1.450.000TL,Kayseri - Melikgazi - 19 Mayıs Mahallesi,
124,13437153,29 Temmuz 2023,Satılık,175 M2,5-10,13,Mülk Sahibi Oturuyor,18 Haziran 2023,Konut,150 M2,3+1,11.Kat,Merkezi (Pay Ölçer),1.535.000TL,Kayseri - Melikgazi - Tacettin Veli Mahallesi,
125,13434471,10 Temmuz 2023,Satılık,100 M2,4,6,Boş,17 Haziran 2023,Konut,85 M2,2+1,4.Kat,Merkezi (Pay Ölçer),1.250.000TL,Kayseri - Melikgazi - Bahçelievler Mahallesi,
126,13364790,06 Haziran 2023,Satılık,130 M2,3,7,Kiracı Oturuyor,06 Haziran 2023,Konut,112 M2,3+1,4.Kat,Merkezi (Pay Ölçer),1.430.000TL,Kayseri - Melikgazi - Bahçelievler Mahallesi,
127,13364736,23 Haziran 2023,Satılık,120 M2,5-10,12,Boş,06 Haziran 2023,Konut,90 M2,3+1,5.Kat,Merkezi Doğalgaz,100.000TLarrow_downward%10,Kayseri - Melikgazi - Gesi Fatih Mahallesi,Krediye Uygun Değil
128,13363563,06 Haziran 2023,Satılık,195 M2,0 (Yeni),2,Boş,06 Haziran 2023,Konut,165 M2,5+1,Villa Tipi,Kombi Doğalgaz,9.000.000TL,Kayseri - Melikgazi - Becen Mahallesi,
129,13363286,06 Haziran 2023,Satılık,350 M2,0 (Yeni),2,Boş,06 Haziran 2023,Konut,250 M2,3+2,Düz Giriş,Yerden Isıtma,8.950.000TL,Kayseri - Melikgazi - Hisarcık Mahallesi,
130,13363285,30 Temmuz 2023,Satılık,450 M2,5-10,3,Mülk Sahibi Oturuyor,06 Haziran 2023,Konut,400 M2,6+2,Düz Giriş,Kombi Doğalgaz,21.000.000TL,Kayseri - Melikgazi - Erenköy Mahallesi,
131,13361852,10 Temmuz 2023,Satılık,100 M2,5-10,5,Kiracı Oturuyor,05 Haziran 2023,Konut,85 M2,2+1,1.Kat,Merkezi (Pay Ölçer),925.000TL,Kayseri - Melikgazi - Demokrasi Mahallesi,Krediye Uygun Değil
132,13437153,29 Temmuz 2023,Satılık,175 M2,5-10,13,Mülk Sahibi Oturuyor,18 Haziran 2023,Konut,150 M2,3+1,11.Kat,Merkezi (Pay Ölçer),1.535.000TL,Kayseri - Melikgazi - Tacettin Veli Mahallesi,
133,13434471,10 Temmuz 2023,Satılık,100 M2,4,6,Boş,17 Haziran 2023,Konut,85 M2,2+1,4.Kat,Merkezi (Pay Ölçer),1.250.000TL,Kayseri - Melikgazi - Bahçelievler Mahallesi,
134,13347656,14 Haziran 2023,Satılık,175 M2,0 (Yeni),10,Boş,03 Haziran 2023,Konut,135 M2,3+1,3.Kat,Merkezi (Pay Ölçer),1.750.000TL,Kayseri - Melikgazi - Şirintepe Mahallesi,
135,13347643,15 Haziran 2023,Satılık,175 M2,0 (Yeni),13,Boş,03 Haziran 2023,Konut,150 M2,3+1,11.Kat,Merkezi (Pay Ölçer),1.800.000TL,Kayseri - Melikgazi - Yeşilyurt Mahallesi,Krediye Uygun Değil
136,13347209,26 Temmuz 2023,Satılık,185 M2,0 (Yeni),13,Boş,03 Haziran 2023,Konut,150 M2,4+1,8.Kat,Merkezi (Pay Ölçer),2.789.000TL,Kayseri - Melikgazi - Germir Mahallesi,Krediye Uygun Değil
137,13346677,03 Haziran 2023,Satılık,195 M2,0 (Yeni),2,Boş,03 Haziran 2023,Konut,165 M2,5+1,Villa Tipi,Kombi Doğalgaz,9.000.000TL,Kayseri - Melikgazi - Becen Mahallesi,
138,13345612,09 Temmuz 2023,Satılık,100 M2,5-10,10,Kiracı Oturuyor,03 Haziran 2023,Konut,85 M2,2+1,6.Kat,Merkezi (Pay Ölçer),1.150.000TL,Kayseri - Melikgazi - Yeşilyurt Mahallesi,Krediye Uygun Değil
139,13345399,29 Temmuz 2023,Satılık,100 M2,11-15,4,Kiracı Oturuyor,03 Haziran 2023,Konut,90 M2,2+1,4.Kat,Kombi Doğalgaz,900.000TL,Kayseri - Melikgazi - Gesi Fatih Mahallesi,
140,13342524,02 Haziran 2023,Satılık,195 M2,0 (Yeni),2,Boş,02 Haziran 2023,Konut,165 M2,5+1,Villa Tipi,Kombi Doğalgaz,9.000.000TL,Kayseri - Melikgazi - Becen Mahallesi,
141,13339895,29 Temmuz 2023,Satılık,175 M2,0 (Yeni),10,Mülk Sahibi Oturuyor,02 Haziran 2023,Konut,160 M2,3+1,4.Kat,Merkezi (Pay Ölçer),1.700.000TL,Kayseri - Melikgazi - İldem Cumhuriyet Mahallesi,
142,13339893,07 Haziran 2023,Satılık,175 M2,0 (Yeni),10,Boş,02 Haziran 2023,Konut,135 M2,3.5+1,1.Kat,Merkezi (Pay Ölçer),1.450.000TL,Kayseri - Melikgazi - Gesi Fatih Mahallesi,
143,13324225,31 Mayıs 2023,Satılık,200 M2,4,11,Mülk Sahibi Oturuyor,30 Mayıs 2023,Konut,170 M2,4+1,8.Kat,Merkezi (Pay Ölçer),2.550.000TL,Kayseri - Melikgazi - Yeniköy Mahallesi,
144,13322379,24 Temmuz 2023,Satılık,155 M2,16-20,9,Mülk Sahibi Oturuyor,30 Mayıs 2023,Konut,120 M2,3+1,9.Kat,Merkezi Doğalgaz,1.375.000TL,Kayseri - Melikgazi - Tınaztepe Mahallesi,
145,13320839,25 Temmuz 2023,Satılık,130 M2,5-10,9,Boş,30 Mayıs 2023,Konut,100 M2,3+1,9.Kat,Kombi Doğalgaz,1.050.000TL,Kayseri - Melikgazi - Selimiye Mahallesi,
146,13318268,14 Haziran 2023,Satılık,165 M2,11-15,12,Boş,30 Mayıs 2023,Konut,132 M2,3+1,4.Kat,Merkezi Doğalgaz,1.295.000TL,Kayseri - Melikgazi - Gesi Fatih Mahallesi,
147,13318267,05 Haziran 2023,Satılık,200 M2,4,2,Mülk Sahibi Oturuyor,30 Mayıs 2023,Konut,180 M2,3+1,Düz Giriş,Kombi Doğalgaz,4.000.000TL,Kayseri - Melikgazi - İldem Cumhuriyet Mahallesi,
148,13318266,05 Haziran 2023,Satılık,120 M2,0 (Yeni),12,Boş,30 Mayıs 2023,Konut,100 M2,2+1,5.Kat,Merkezi (Pay Ölçer),1.650.000TL,Kayseri - Melikgazi - Yeşilyurt Mahallesi,
149,13317068,29 Mayıs 2023,Satılık,170 M2,3,12,Kiracı Oturuyor,29 Mayıs 2023,Konut,135 M2,3+1,5.Kat,Merkezi (Pay Ölçer),1.475.000TL,Kayseri - Melikgazi - Tavlusun Mahallesi,
150,13316864,26 Temmuz 2023,Satılık,175 M2,21 Ve Üzeri,12,Mülk Sahibi Oturuyor,29 Mayıs 2023,Konut,140 M2,3+1,9.Kat,Merkezi Doğalgaz,1.190.000TL,Kayseri - Melikgazi - Tacettin Veli Mahallesi,
151,13316676,31 Mayıs 2023,Satılık,195 M2,5-10,12,Mülk Sahibi Oturuyor,29 Mayıs 2023,Konut,165 M2,3+1,3.Kat,Merkezi (Pay Ölçer),1.650.000TL,Kayseri - Melikgazi - İldem Cumhuriyet Mahallesi,Krediye Uygun Değil
152,13290378,18 Temmuz 2023,Satılık,220 M2,11-15,10,Kiracı Oturuyor,25 Mayıs 2023,Konut,175 M2,4+1,6.Kat,Merkezi (Pay Ölçer),3.200.000TL,Kayseri - Melikgazi - Köşk Mahallesi,
153,13288710,26 Mayıs 2023,Satılık,200 M2,5-10,11,Boş,25 Mayıs 2023,Konut,185 M2,4+1,1.Kat,Merkezi (Pay Ölçer),2.750.000TL,Kayseri - Melikgazi - Yıldırım Beyazıt Mahallesi,
154,13288705,19 Temmuz 2023,Satılık,280 M2,0 (Yeni),14,Boş,25 Mayıs 2023,Konut,240 M2,4+1,7.Kat,Merkezi (Pay Ölçer),9.000.000TL,Kayseri - Melikgazi - Gültepe Mahallesi,
155,13288702,02 Haziran 2023,Satılık,165 M2,11-15,11,Boş,25 Mayıs 2023,Konut,135 M2,3+1,9.Kat,Merkezi Doğalgaz,1.360.000TLarrow_downward%8,Kayseri - Melikgazi - Yıldırım Beyazıt Mahallesi,
156,13288696,13 Temmuz 2023,Satılık,275 M2,16-20,14,Boş,25 Mayıs 2023,Konut,250 M2,4+1,2.Kat,Merkezi Doğalgaz,4.950.000TL,Kayseri - Melikgazi - Alpaslan Mahallesi,
157,13288693,03 Haziran 2023,Satılık,350 M2,0 (Yeni),2,Boş,25 Mayıs 2023,Konut,300 M2,5+1,Düz Giriş,Yerden Isıtma,38.000.000TL,Kayseri - Melikgazi - Erenköy Mahallesi,
158,13316864,26 Temmuz 2023,Satılık,175 M2,21 Ve Üzeri,12,Mülk Sahibi Oturuyor,29 Mayıs 2023,Konut,140 M2,3+1,9.Kat,Merkezi Doğalgaz,1.190.000TL,Kayseri - Melikgazi - Tacettin Veli Mahallesi,
159,13316676,31 Mayıs 2023,Satılık,195 M2,5-10,12,Mülk Sahibi Oturuyor,29 Mayıs 2023,Konut,165 M2,3+1,3.Kat,Merkezi (Pay Ölçer),1.650.000TL,Kayseri - Melikgazi - İldem Cumhuriyet Mahallesi,Krediye Uygun Değil
160,13267254,22 Mayıs 2023,Satılık,300 M2,16-20,14,Mülk Sahibi Oturuyor,22 Mayıs 2023,Konut,250 M2,4+1,11.Kat,Merkezi Doğalgaz,6.250.000TL,Kayseri - Melikgazi - Gültepe Mahallesi,
161,13266587,22 Mayıs 2023,Satılık,120 M2,0 (Yeni),12,Boş,22 Mayıs 2023,Konut,90 M2,2+1,5.Kat,Merkezi (Pay Ölçer),1.249.000TL,Kayseri - Melikgazi - Bahçelievler Mahallesi,
162,13259392,17 Temmuz 2023,Satılık,550 M2,11-15,3,Mülk Sahibi Oturuyor,21 Mayıs 2023,Konut,450 M2,8+1,Düz Giriş,Kombi Doğalgaz,15.000.000TL,Kayseri - Melikgazi - Erenköy Mahallesi,
163,13259388,22 Mayıs 2023,Satılık,250 M2,21 Ve Üzeri,14,Mülk Sahibi Oturuyor,21 Mayıs 2023,Konut,230 M2,4+1,14.Kat,Merkezi Doğalgaz,3.300.000TL,Kayseri - Melikgazi - Alpaslan Mahallesi,
164,13259377,22 Mayıs 2023,Satılık,200 M2,5-10,14,Mülk Sahibi Oturuyor,21 Mayıs 2023,Konut,180 M2,3+1,11.Kat,Merkezi (Pay Ölçer),2.490.000TL,Kayseri - Melikgazi - Esentepe Mahallesi,
165,13258638,23 Haziran 2023,Satılık,175 M2,4,14,Mülk Sahibi Oturuyor,20 Mayıs 2023,Konut,135 M2,3+1,9.Kat,Merkezi (Pay Ölçer),1.480.000TL,Kayseri - Melikgazi - Yeşilyurt Mahallesi,Krediye Uygun Değil
166,13258263,26 Temmuz 2023,Satılık,200 M2,0 (Yeni),8,Boş,20 Mayıs 2023,Konut,145 M2,4+1,5.Kat,Merkezi (Pay Ölçer),1.900.000TL,Kayseri - Melikgazi - Şirintepe Mahallesi,
167,13256910,19 Temmuz 2023,Satılık,240 M2,0 (Yeni),1,Boş,20 Mayıs 2023,Konut,200 M2,4+1,Villa Tipi,Kombi Doğalgaz,7.000.000TL,Kayseri - Melikgazi - Gesi Fatih Mahallesi,
168,13250692,05 Haziran 2023,Satılık,210 M2,5-10,2,Mülk Sahibi Oturuyor,19 Mayıs 2023,Konut,200 M2,3+1,Düz Giriş,Kombi Doğalgaz,4.550.000TL,Kayseri - Melikgazi - İldem Cumhuriyet Mahallesi,
169,13237081,17 Mayıs 2023,Satılık,175 M2,11-15,14,Boş,17 Mayıs 2023,Konut,145 M2,3+1,8.Kat,Merkezi Doğalgaz,1.750.000TL,Kayseri - Melikgazi - Yıldırım Beyazıt Mahallesi,
170,13237079,18 Mayıs 2023,Satılık,190 M2,11-15,13,Mülk Sahibi Oturuyor,17 Mayıs 2023,Konut,175 M2,3+1,9.Kat,Merkezi Doğalgaz,2.250.000TL,Kayseri - Melikgazi - Köşk Mahallesi,
171,13237028,27 Temmuz 2023,Satılık,180 M2,11-15,6,Boş,17 Mayıs 2023,Konut,160 M2,3+1,4.Kat,Kombi Doğalgaz,3.000.000TLarrow_downward%90,Kayseri - Melikgazi - Alpaslan Mahallesi,Krediye Uygun Değil
172,13237005,17 Mayıs 2023,Satılık,300 M2,5-10,13,Mülk Sahibi Oturuyor,17 Mayıs 2023,Konut,270 M2,4+1,9.Kat,Merkezi (Pay Ölçer),4.200.000TL,Kayseri - Melikgazi - Tavlusun Mahallesi,
173,13237003,17 Mayıs 2023,Satılık,600 M2,0 (Yeni),3,Boş,17 Mayıs 2023,Konut,300 M2,6+1,Düz Giriş,Kombi Doğalgaz,19.500.000TL,Kayseri - Melikgazi - Erenköy Mahallesi,Krediye Uygun Değil
174,13236993,17 Mayıs 2023,Satılık,220 M2,4,13,Boş,17 Mayıs 2023,Konut,170 M2,4+1,1.Kat,Merkezi (Pay Ölçer),2.450.000TL,Kayseri - Melikgazi - Yıldırım Beyazıt Mahallesi,
175,13236988,17 Mayıs 2023,Satılık,220 M2,21 Ve Üzeri,8,Mülk Sahibi Oturuyor,17 Mayıs 2023,Konut,180 M2,4+1,8.Kat,Merkezi Doğalgaz,3.450.000TL,Kayseri - Melikgazi - Alpaslan Mahallesi,
176,13236986,17 Mayıs 2023,Satılık,150 M2,16-20,9,Mülk Sahibi Oturuyor,17 Mayıs 2023,Konut,120 M2,3+1,1.Kat,Kombi Doğalgaz,3.150.000TL,Kayseri - Melikgazi - Kılıçaslan Mahallesi,
177,13236979,13 Temmuz 2023,Satılık,200 M2,3,10,Boş,17 Mayıs 2023,Konut,175 M2,4+1,9.Kat,Merkezi (Pay Ölçer),2.950.000TL,Kayseri - Melikgazi - Yıldırım Beyazıt Mahallesi,Krediye Uygun Değil
178,13210160,05 Haziran 2023,Satılık,240 M2,11-15,12,Kiracı Oturuyor,11 Mayıs 2023,Konut,200 M2,4+1,7.Kat,Merkezi (Pay Ölçer),3.550.000TL,Kayseri - Melikgazi - Yıldırım Beyazıt Mahallesi,
179,13206986,10 Mayıs 2023,Satılık,120 M2,11-15,13,Boş,10 Mayıs 2023,Konut,100 M2,2.5+1,8.Kat,Merkezi (Pay Ölçer),1.900.000TL,Kayseri - Melikgazi - Germir Mahallesi,
180,13204909,10 Mayıs 2023,Satılık,165 M2,11-15,6,Mülk Sahibi Oturuyor,10 Mayıs 2023,Konut,135 M2,3+1,4.Kat,Kombi Doğalgaz,1.375.000TL,Kayseri - Melikgazi - Demokrasi Mahallesi,
181,13203199,10 Mayıs 2023,Satılık,75 M2,5-10,5,Kiracı Oturuyor,10 Mayıs 2023,Konut,65 M2,2+1,1.Kat,Merkezi (Pay Ölçer),800.000TL,Kayseri - Melikgazi - Demokrasi Mahallesi,
182,13197230,15 Haziran 2023,Satılık,152 M2,0 (Yeni),15,Boş,09 Mayıs 2023,Konut,125 M2,3+1,5.Kat,Merkezi Doğalgaz,295.000TLarrow_downward%3,Kayseri - Melikgazi - Gesi Fatih Mahallesi,Krediye Uygun Değil
183,13196744,09 Mayıs 2023,Satılık,150 M2,3,11,Mülk Sahibi Oturuyor,09 Mayıs 2023,Konut,130 M2,3+1,4.Kat,Merkezi (Pay Ölçer),1.850.000TL,Kayseri - Melikgazi - Yeşilyurt Mahallesi,
184,13236986,17 Mayıs 2023,Satılık,150 M2,16-20,9,Mülk Sahibi Oturuyor,17 Mayıs 2023,Konut,120 M2,3+1,1.Kat,Kombi Doğalgaz,3.150.000TL,Kayseri - Melikgazi - Kılıçaslan Mahallesi,
185,13236979,13 Temmuz 2023,Satılık,200 M2,3,10,Boş,17 Mayıs 2023,Konut,175 M2,4+1,9.Kat,Merkezi (Pay Ölçer),2.950.000TL,Kayseri - Melikgazi - Yıldırım Beyazıt Mahallesi,Krediye Uygun Değil
186,13176427,20 Temmuz 2023,Satılık,110 M2,5-10,9,Boş,05 Mayıs 2023,Konut,90 M2,2+1,6.Kat,Kombi Doğalgaz,1.240.000TL,Kayseri - Melikgazi - 19 Mayıs Mahallesi,
187,13172102,14 Haziran 2023,Satılık,165 M2,11-15,10,Boş,05 Mayıs 2023,Konut,132 M2,3+1,4.Kat,Merkezi (Pay Ölçer),1.159.000TL,Kayseri - Melikgazi - Gesi Fatih Mahallesi,
188,13168357,26 Temmuz 2023,Satılık,170 M2,11-15,7,Kiracı Oturuyor,04 Mayıs 2023,Konut,130 M2,3+1,6.Kat,Merkezi Doğalgaz,1.135.000TL,Kayseri - Melikgazi - Gülük Mahallesi,
189,13163530,03 Temmuz 2023,Satılık,160 M2,0 (Yeni),9,Boş,03 Mayıs 2023,Konut,120 M2,3+1,4.Kat,Merkezi (Pay Ölçer),2.000.000TL,Kayseri - Melikgazi - Kazımkarabekir Mahallesi,
190,13163010,03 Mayıs 2023,Satılık,185 M2,21 Ve Üzeri,12,Kiracı Oturuyor,03 Mayıs 2023,Konut,145 M2,3+1,Yüksek Giriş,Merkezi Doğalgaz,1.675.000TL,Kayseri - Melikgazi - Alpaslan Mahallesi,
191,13162453,05 Haziran 2023,Satılık,260 M2,0 (Yeni),3,Boş,03 Mayıs 2023,Konut,250 M2,6+1,Müstakil.Kat,Kombi Doğalgaz,10.500.000TL,Kayseri - Melikgazi - Becen Mahallesi,
192,13159192,26 Temmuz 2023,Satılık,150 M2,11-15,15,Mülk Sahibi Oturuyor,02 Mayıs 2023,Konut,130 M2,3+1,11.Kat,Merkezi Doğalgaz,920.000TL,Kayseri - Melikgazi - Şirintepe Mahallesi,
193,13155196,03 Temmuz 2023,Satılık,115 M2,5-10,1,Mülk Sahibi Oturuyor,01 Mayıs 2023,Konut,100 M2,2+1,Müstakil.Kat,Şömine,9.350.000TL,Kayseri - Melikgazi - Erenköy Mahallesi,
194,13148514,26 Temmuz 2023,Satılık,260 M2,0 (Yeni),3,Boş,30 Nisan 2023,Konut,250 M2,6+1,Düz Giriş,Kombi Doğalgaz,9.000.000TL,Kayseri - Melikgazi - Becen Mahallesi,
195,13114798,14 Temmuz 2023,Satılık,160 M2,0 (Yeni),10,Boş,24 Nisan 2023,Konut,120 M2,3+1,5.Kat,Merkezi Doğalgaz,1.990.000TL,Kayseri - Melikgazi - Kazımkarabekir Mahallesi,
196,13107219,23 Mayıs 2023,Satılık,200 M2,16-20,3,Mülk Sahibi Oturuyor,23 Nisan 2023,Konut,150 M2,3+1,Düz Giriş,Kombi Doğalgaz,6.800.000TL,Kayseri - Melikgazi - Altınoluk Mahallesi,Krediye Uygun Değil
197,13107211,10 Haziran 2023,Satılık,185 M2,0 (Yeni),13,Mülk Sahibi Oturuyor,23 Nisan 2023,Konut,150 M2,4+1,5.Kat,Merkezi (Pay Ölçer),2.745.000TL,Kayseri - Melikgazi - Yıldırım Beyazıt Mahallesi,Krediye Uygun Değil
198,13104595,19 Haziran 2023,Satılık,300 M2,2,2,Mülk Sahibi Oturuyor,22 Nisan 2023,Konut,270 M2,4+1,Düz Giriş,Kombi Doğalgaz,8.950.000TL,Kayseri - Melikgazi - Hisarcık Mahallesi,
199,13101776,29 Mayıs 2023,Satılık,165 M2,11-15,9,Mülk Sahibi Oturuyor,21 Nisan 2023,Konut,140 M2,3+1,9.Kat,Merkezi Doğalgaz,1.325.000TL,Kayseri - Melikgazi - Gesi Fatih Mahallesi,
200,13100109,23 Mayıs 2023,Satılık,968 M2,11-15,3,Mülk Sahibi Oturuyor,20 Nisan 2023,Konut,967 M2,9+ Oda,Düz Giriş,Kombi Doğalgaz,7.850.000TL,Kayseri - Melikgazi - Becen Mahallesi,
201,13096399,20 Temmuz 2023,Satılık,400 M2,21 Ve Üzeri,2,Boş,19 Nisan 2023,Konut,360 M2,9+ Oda,Düz Giriş,Isıtma Yok,12.000.000TL,Kayseri - Melikgazi - Hisarcık Mahallesi,Krediye Uygun Değil
202,13091965,24 Haziran 2023,Satılık,130 M2,11-15,6,Kiracı Oturuyor,19 Nisan 2023,Konut,110 M2,3+1,5.Kat,Kombi Doğalgaz,840.000TL,Kayseri - Melikgazi - Battalgazi Mahallesi,Krediye Uygun Değil
203,13091924,03 Mayıs 2023,Satılık,180 M2,5-10,15,Mülk Sahibi Oturuyor,19 Nisan 2023,Konut,160 M2,3+1,1.Kat,Merkezi Doğalgaz,1.550.000TL,Kayseri - Melikgazi - Yeşilyurt Mahallesi,
204,13056021,19 Haziran 2023,Satılık,260 M2,11-15,14,Boş,13 Nisan 2023,Konut,220 M2,4.5+1,10.Kat,Merkezi (Pay Ölçer),4.600.000TL,Kayseri - Melikgazi - Alpaslan Mahallesi,Krediye Uygun Değil
205,13056020,19 Haziran 2023,Satılık,710 M2,0 (Yeni),2,Boş,13 Nisan 2023,Konut,210 M2,5+1,Düz Giriş,Kombi Doğalgaz,6.000.000TL,Kayseri - Melikgazi - Gesi Mahallesi,Krediye Uygun Değil
206,13047706,08 Haziran 2023,Satılık,220 M2,11-15,12,Mülk Sahibi Oturuyor,12 Nisan 2023,Konut,185 M2,4+1,9.Kat,Merkezi Doğalgaz,2.999.000TLarrow_downward%8,Kayseri - Melikgazi - Alpaslan Mahallesi,
207,13047436,16 Haziran 2023,Satılık,160 M2,5-10,10,Kiracı Oturuyor,12 Nisan 2023,Konut,140 M2,3+1,4.Kat,Merkezi (Pay Ölçer),1.650.000TL,Kayseri - Melikgazi - Kazımkarabekir Mahallesi,
208,13045485,08 Haziran 2023,Satılık,360 M2,5-10,2,Boş,11 Nisan 2023,Konut,300 M2,5+1,Düz Giriş,Kombi Doğalgaz,14.900.000TL,Kayseri - Melikgazi - Eğribucak Mahallesi,Krediye Uygun Değil
209,13037561,22 Haziran 2023,Satılık,280 M2,5-10,14,Kiracı Oturuyor,10 Nisan 2023,Konut,260 M2,4+1,8.Kat,Merkezi (Pay Ölçer),4.100.000TL,Kayseri - Melikgazi - Köşk Mahallesi,
210,13016105,20 Temmuz 2023,Satılık,420 M2,16-20,2,Mülk Sahibi Oturuyor,05 Nisan 2023,Konut,360 M2,7+1,Müstakil.Kat,Sobalı,9.950.000TL,Kayseri - Melikgazi - Erenköy Mahallesi,Bilinmiyor
211,13007003,22 Mayıs 2023,Satılık,240 M2,5-10,14,Mülk Sahibi Oturuyor,03 Nisan 2023,Konut,190 M2,4+1,5.Kat,Merkezi (Pay Ölçer),3.750.000TL,Kayseri - Melikgazi - Yıldırım Beyazıt Mahallesi,
212,13006530,27 Temmuz 2023,Satılık,175 M2,0 (Yeni),7,Boş,03 Nisan 2023,Konut,130 M2,3+1,1.Kat,Kombi Doğalgaz,1.750.000TL,Kayseri - Melikgazi - Şirintepe Mahallesi,
213,12867850,20 Temmuz 2023,Satılık,155 M2,0 (Yeni),12,Boş,11 Mart 2023,Konut,135 M2,4+1,4.Kat,Merkezi Doğalgaz,650.000TL,Kayseri - Melikgazi - Yeşilyurt Mahallesi,Krediye Uygun Değil
214,12866410,27 Haziran 2023,Satılık,240 M2,0 (Yeni),10,Boş,11 Mart 2023,Konut,220 M2,4+1,4.Kat,Merkezi Doğalgaz,3.300.000TL,Kayseri - Melikgazi - Esenyurt Mahallesi,
215,12863953,10 Haziran 2023,Satılık,140 M2,21 Ve Üzeri,5,Mülk Sahibi Oturuyor,11 Mart 2023,Konut,130 M2,3+1,5.Kat,Kombi Doğalgaz,1.150.000TL,Kayseri - Melikgazi - Osman Kavuncu Mahallesi,
216,12859744,23 Haziran 2023,Satılık,324 M2,16-20,2,Boş,10 Mart 2023,Konut,150 M2,3+1,Düz Giriş,Sobalı,1.100.000TL,Kayseri - Melikgazi - Ağırnas Mahallesi,Krediye Uygun Değil
217,12859742,23 Haziran 2023,Satılık,100 M2,0 (Yeni),14,Boş,10 Mart 2023,Konut,90 M2,2+1,9.Kat,Merkezi (Pay Ölçer),310.000TL,Kayseri - Melikgazi - Gesi Fatih Mahallesi,Krediye Uygun Değil
218,12859739,23 Haziran 2023,Satılık,362 M2,16-20,2,Kiracı Oturuyor,10 Mart 2023,Konut,361 M2,3+1,Düz Giriş,Sobalı,5.500.000TL,Kayseri - Melikgazi - Yıldırım Beyazıt Mahallesi,
219,12859731,23 Haziran 2023,Satılık,220 M2,0 (Yeni),2,Boş,10 Mart 2023,Konut,200 M2,4+1,Düz Giriş,Kombi Doğalgaz,6.750.000TL,Kayseri - Melikgazi - Gesi Fatih Mahallesi,
220,12859726,23 Haziran 2023,Satılık,175 M2,0 (Yeni),14,Boş,10 Mart 2023,Konut,140 M2,3+1,1.Kat,Merkezi (Pay Ölçer),1.750.000TL,Kayseri - Melikgazi - İldem Cumhuriyet Mahallesi,
221,12857833,13 Haziran 2023,Satılık,185 M2,0 (Yeni),15,Boş,10 Mart 2023,Konut,135 M2,3+1,10.Kat,Merkezi Doğalgaz,1.550.000TL,Kayseri - Melikgazi - Şirintepe Mahallesi,
222,12817530,23 Mayıs 2023,Satılık,260 M2,11-15,12,Kiracı Oturuyor,05 Mart 2023,Konut,240 M2,4+1,2.Kat,Merkezi Doğalgaz,3.460.000TL,Kayseri - Melikgazi - Alpaslan Mahallesi,Krediye Uygun Değil
223,12812781,28 Temmuz 2023,Satılık,180 M2,21 Ve Üzeri,8,Boş,05 Mart 2023,Konut,140 M2,3+1,8.Kat,Merkezi Doğalgaz,1.650.000TL,Kayseri - Melikgazi - Kılıçaslan Mahallesi,
224,12812774,28 Temmuz 2023,Satılık,220 M2,11-15,12,Mülk Sahibi Oturuyor,05 Mart 2023,Konut,180 M2,4+1,1.Kat,Merkezi Doğalgaz,2.250.000TL,Kayseri - Melikgazi - Gültepe Mahallesi,
225,12812772,28 Temmuz 2023,Satılık,250 M2,0 (Yeni),2,Boş,05 Mart 2023,Konut,210 M2,5+1,Düz Giriş,Kombi Doğalgaz,8.400.000TL,Kayseri - Melikgazi - Becen Mahallesi,
226,12799455,19 Temmuz 2023,Satılık,165 M2,0 (Yeni),12,Boş,02 Mart 2023,Konut,135 M2,3+1,5.Kat,Merkezi (Pay Ölçer),1.750.000TL,Kayseri - Melikgazi - Tınaztepe Mahallesi,
227,12799406,05 Haziran 2023,Satılık,175 M2,11-15,12,Mülk Sahibi Oturuyor,02 Mart 2023,Konut,135 M2,3+1,7.Kat,Merkezi (Pay Ölçer),2.565.000TL,Kayseri - Melikgazi - Köşk Mahallesi,
228,12798359,13 Haziran 2023,Satılık,145 M2,11-15,14,Mülk Sahibi Oturuyor,02 Mart 2023,Konut,115 M2,3+1,1.Kat,Merkezi Doğalgaz,1.100.000TL,Kayseri - Melikgazi - Şirintepe Mahallesi,
229,12796185,26 Mayıs 2023,Satılık,1.038 M2,1,2,Mülk Sahibi Oturuyor,01 Mart 2023,Konut,300 M2,5+1,Düz Giriş,Yerden Isıtma,9.980.000TL,Kayseri - Melikgazi - Eğribucak Mahallesi,
230,12789938,29 Mayıs 2023,Satılık,175 M2,5-10,14,Mülk Sahibi Oturuyor,28 Şubat 2023,Konut,135 M2,3+1,5.Kat,Merkezi Doğalgaz,1.455.000TL,Kayseri - Melikgazi - 19 Mayıs Mahallesi,
231,12686702,13 Haziran 2023,Satılık,165 M2,16-20,6,Mülk Sahibi Oturuyor,08 Şubat 2023,Konut,144 M2,3+1,4.Kat,Kombi Doğalgaz,1.460.000TL,Kayseri - Melikgazi - Yeniköy Mahallesi,
232,12686675,20 Mayıs 2023,Satılık,210 M2,0 (Yeni),7,Boş,08 Şubat 2023,Konut,160 M2,4+1,1.Kat,Merkezi (Pay Ölçer),4.200.000TL,Kayseri - Melikgazi - Yıldırım Beyazıt Mahallesi,Krediye Uygun Değil
233,12685815,12 Haziran 2023,Satılık,175 M2,0 (Yeni),10,Boş,08 Şubat 2023,Konut,130 M2,3+1,3.Kat,Merkezi (Pay Ölçer),1.850.000TL,Kayseri - Melikgazi - Yeşilyurt Mahallesi,
234,12685807,27 Temmuz 2023,Satılık,190 M2,0 (Yeni),13,Boş,08 Şubat 2023,Konut,140 M2,3+1,3.Kat,Merkezi (Pay Ölçer),1.850.000TL,Kayseri - Melikgazi - İldem Cumhuriyet Mahallesi,
235,12685802,24 Temmuz 2023,Satılık,175 M2,0 (Yeni),14,Boş,08 Şubat 2023,Konut,135 M2,3.5+1,1.Kat,Merkezi (Pay Ölçer),1.750.000TL,Kayseri - Melikgazi - Yeşilyurt Mahallesi,
236,12676217,29 Temmuz 2023,Satılık,130 M2,0 (Yeni),15,Boş,05 Şubat 2023,Konut,95 M2,2+1,6.Kat,Merkezi (Pay Ölçer),1.350.000TL,Kayseri - Melikgazi - Gesi Fatih Mahallesi,
237,12796185,26 Mayıs 2023,Satılık,1.038 M2,1,2,Mülk Sahibi Oturuyor,01 Mart 2023,Konut,300 M2,5+1,Düz Giriş,Yerden Isıtma,9.980.000TL,Kayseri - Melikgazi - Eğribucak Mahallesi,
238,12789938,29 Mayıs 2023,Satılık,175 M2,5-10,14,Mülk Sahibi Oturuyor,28 Şubat 2023,Konut,135 M2,3+1,5.Kat,Merkezi Doğalgaz,1.455.000TL,Kayseri - Melikgazi - 19 Mayıs Mahallesi,
239,12556279,26 Temmuz 2023,Satılık,127 M2,11-15,7,Mülk Sahibi Oturuyor,20 Ocak 2023,Konut,110 M2,2+1,Yüksek Giriş,Kombi Doğalgaz,750.000TL,Kayseri - Melikgazi - Battalgazi Mahallesi,
240,12555564,02 Temmuz 2023,Satılık,150 M2,5-10,2,Boş,20 Ocak 2023,Konut,130 M2,3+1,Düz Giriş,Sobalı,3.200.000TL,Kayseri - Melikgazi - Ağırnas Mahallesi,Krediye Uygun Değil
241,12535328,23 Haziran 2023,Satılık,130 M2,0 (Yeni),14,Boş,16 Ocak 2023,Konut,100 M2,3+1,4.Kat,Merkezi (Pay Ölçer),560.000TL,Kayseri - Melikgazi - Yeşilyurt Mahallesi,Krediye Uygun Değil
242,12529276,10 Temmuz 2023,Satılık,209 M2,16-20,4,Kiracı Oturuyor,15 Ocak 2023,Konut,100 M2,9+ Oda,4.Kat,Kombi Doğalgaz,2.450.000TL,Kayseri - Melikgazi - Osmanlı Mahallesi,
243,12502767,10 Haziran 2023,Satılık,165 M2,0 (Yeni),12,Boş,09 Ocak 2023,Konut,120 M2,2.5+1,5.Kat,Merkezi Doğalgaz,540.000TL,Kayseri - Melikgazi - Yeşilyurt Mahallesi,Krediye Uygun Değil
244,12478831,05 Haziran 2023,Satılık,190 M2,0 (Yeni),12,Boş,06 Ocak 2023,Konut,150 M2,4+1,11.Kat,Merkezi (Pay Ölçer),1.650.000TL,Kayseri - Melikgazi - İldem Cumhuriyet Mahallesi,
245,12462777,05 Haziran 2023,Satılık,140 M2,21 Ve Üzeri,3,Mülk Sahibi Oturuyor,03 Ocak 2023,Konut,115 M2,3+1,3.Kat,Doğalgaz Sobalı,775.000TL,Kayseri - Melikgazi - Kılıçaslan Mahallesi,
246,12437020,05 Haziran 2023,Satılık,165 M2,0 (Yeni),12,Boş,30 Aralık 2022,Konut,120 M2,3+1,8.Kat,Merkezi (Pay Ölçer),1.730.000TL,Kayseri - Melikgazi - Gülük Mahallesi,
247,12422292,22 Haziran 2023,Satılık,450 M2,5-10,3,Mülk Sahibi Oturuyor,28 Aralık 2022,Konut,350 M2,6+2,Villa Tipi,Kombi Doğalgaz,12.500.000TL,Kayseri - Melikgazi - Becen Mahallesi,
248,11725391,06 Temmuz 2023,Satılık,1.861 M2,5-10,3,Boş,31 Ağustos 2022,Konut,1.860 M2,9+ Oda,Villa Tipi,Kat Kaloriferi,10.500.000TL,Kayseri - Melikgazi - Mimarsinan Mahallesi,
249,11666805,14 Haziran 2023,Satılık,500 M2,5-10,3,Mülk Sahibi Oturuyor,19 Ağustos 2022,Konut,450 M2,9+ Oda,Düz Giriş,Kat Kaloriferi,4.250.000TL,Kayseri - Melikgazi - Bağpınar Mahallesi,
250,11641240,28 Temmuz 2023,Satılık,190 M2,0 (Yeni),14,Boş,14 Ağustos 2022,Konut,140 M2,3+1,3.Kat,Merkezi (Pay Ölçer),1.850.000TL,Kayseri - Melikgazi - İldem Cumhuriyet Mahallesi,
251,11554289,29 Mayıs 2023,Satılık,185 M2,5-10,13,Mülk Sahibi Oturuyor,01 Ağustos 2022,Konut,140 M2,3+1,1.Kat,Kombi Doğalgaz,1.510.000TL,Kayseri - Melikgazi - Esentepe Mahallesi,
252,11506998,29 Temmuz 2023,Satılık,175 M2,1,10,Mülk Sahibi Oturuyor,22 Temmuz 2022,Konut,150 M2,3+1,1.Kat,Merkezi (Pay Ölçer),1.900.000TL,Kayseri - Melikgazi - Bahçelievler Mahallesi,
253,11478291,15 Haziran 2023,Satılık,60 M2,4,1,Kiracı Oturuyor,16 Temmuz 2022,Konut,55 M2,1+1,Müstakil.Kat,Isıtma Yok,1.675.000TL,Kayseri - Melikgazi - Becen Mahallesi,
254,11471221,22 Temmuz 2023,Satılık,185 M2,0 (Yeni),12,Boş,15 Temmuz 2022,Konut,140 M2,4+1,1.Kat,Merkezi (Pay Ölçer),3.350.000TL,Kayseri - Melikgazi - Yıldırım Beyazıt Mahallesi,
255,11433153,29 Temmuz 2023,Satılık,185 M2,0 (Yeni),13,Mülk Sahibi Oturuyor,04 Temmuz 2022,Konut,145 M2,3+1,8.Kat,Merkezi (Pay Ölçer),1.850.000TL,Kayseri - Melikgazi - Yeşilyurt Mahallesi,
256,11344066,22 Mayıs 2023,Satılık,175 M2,5-10,11,Mülk Sahibi Oturuyor,16 Haziran 2022,Konut,145 M2,3+1,5.Kat,Merkezi Doğalgaz,1.600.000TL,Kayseri - Melikgazi - Tavlusun Mahallesi,
